,Title,Year,Rated,Released,Runtime,Language,Country,Awards,Poster,Ratings.Source,Ratings.Value,Metascore,imdbRating,imdbVotes,imdbID,Type,Time,DVD,BoxOffice,Production,Website,Response
1,The Shawshank Redemption,1994,R,14-Oct-94,142 min,English,USA,Nominated for 7 Oscars. Another 19 wins & 30 nominations.,https://images-na.ssl-images-amazon.com/images/M/MV5BODU4MjU4NjIwNl5BMl5BanBnXkFtZTgwMDU2MjEyMDE@._V1_SX300.jpg,Internet Movie Database,9.3/10,80,9.3,1825626,tt0111161,movie,3,27-Jan-98,N/A,Columbia Pictures,N/A,TRUE
2,The Godfather,1972,R,24-Mar-72,175 min,"English, Italian, Latin",USA,Won 3 Oscars. Another 23 wins & 27 nominations.,https://images-na.ssl-images-amazon.com/images/M/MV5BZTRmNjQ1ZDYtNDgzMy00OGE0LWE4N2YtNTkzNWQ5ZDhlNGJmL2ltYWdlL2ltYWdlXkEyXkFqcGdeQXVyNjU0OTQ0OTY@._V1_SX300.jpg,Internet Movie Database,9.2/10,100,9.2,1243444,tt0068646,movie,6,9-Oct-01,N/A,Paramount Pictures,http://www.thegodfather.com,TRUE
3,The Godfather: Part II,1974,R,20-Dec-74,202 min,"English, Italian, Spanish, Latin, Sicilian",USA,Won 6 Oscars. Another 10 wins & 20 nominations.,https://images-na.ssl-images-amazon.com/images/M/MV5BMjZiNzIxNTQtNDc5Zi00YWY1LThkMTctMDgzYjY4YjI1YmQyL2ltYWdlL2ltYWdlXkEyXkFqcGdeQXVyNjU0OTQ0OTY@._V1_SX300.jpg,Internet Movie Database,9.0/10,85,9,856870,tt0071562,movie,10,24-May-05,N/A,Paramount Pictures,http://www.thegodfather.com/,TRUE
4,The Dark Knight,2008,PG-13,18-Jul-08,152 min,"English, Mandarin","USA, UK",Won 2 Oscars. Another 151 wins & 153 nominations.,https://images-na.ssl-images-amazon.com/images/M/MV5BMTMxNTMwODM0NF5BMl5BanBnXkFtZTcwODAyMTk2Mw@@._V1_SX300.jpg,Internet Movie Database,9.0/10,82,9,1802351,tt0468569,movie,13,9-Dec-08,"$533,316,061",Warner Bros. Pictures/Legendary,http://thedarkknight.warnerbros.com/,TRUE
5,12 Angry Men,1957,APPROVED,1-Apr-57,96 min,English,USA,Nominated for 3 Oscars. Another 16 wins & 8 nominations.,https://images-na.ssl-images-amazon.com/images/M/MV5BODQwOTc5MDM2N15BMl5BanBnXkFtZTcwODQxNTEzNA@@._V1_SX300.jpg,Internet Movie Database,8.9/10,96,8.9,494215,tt0050083,movie,6,6-Mar-01,N/A,Criterion Collection,http://www.criterion.com/films/27871-12-angry-men,TRUE
6,Schindler's List,1993,R,4-Feb-94,195 min,"English, Hebrew, German, Polish",USA,Won 7 Oscars. Another 71 wins & 33 nominations.,https://images-na.ssl-images-amazon.com/images/M/MV5BNDE4OTMxMTctNmRhYy00NWE2LTg3YzItYTk3M2UwOTU5Njg4XkEyXkFqcGdeQXVyNjU0OTQ0OTY@._V1_SX300.jpg,Internet Movie Database,8.9/10,93,8.9,937837,tt0108052,movie,9,9-Mar-04,N/A,Universal Pictures,http://www.schindlerslist.com,TRUE
7,The Lord of the Rings: The Return of the King,2003,PG-13,17-Dec-03,201 min,"English, Quenya, Old English, Sindarin","USA, New Zealand",Won 11 Oscars. Another 197 wins & 122 nominations.,https://images-na.ssl-images-amazon.com/images/M/MV5BYWY1ZWQ5YjMtMDE0MS00NWIzLWE1M2YtODYzYTk2OTNlYWZmXkEyXkFqcGdeQXVyNDUyOTg3Njg@._V1_SX300.jpg,Internet Movie Database,8.9/10,94,8.9,1304569,tt0167260,movie,9,25-May-04,"$364,000,000",New Line Cinema,http://www.lordoftherings.net/,TRUE
8,Pulp Fiction,1994,R,14-Oct-94,154 min,"English, Spanish, French",USA,Won 1 Oscar. Another 60 wins & 68 nominations.,https://images-na.ssl-images-amazon.com/images/M/MV5BMTkxMTA5OTAzMl5BMl5BanBnXkFtZTgwNjA5MDc3NjE@._V1_SX300.jpg,Internet Movie Database,8.9/10,94,8.9,1427451,tt0110912,movie,3,19-May-98,N/A,Miramax Films,N/A,TRUE
9,Fight Club,1999,R,15-Oct-99,139 min,English,"USA, Germany",Nominated for 1 Oscar. Another 10 wins & 31 nominations.,https://images-na.ssl-images-amazon.com/images/M/MV5BZGY5Y2RjMmItNDg5Yy00NjUwLThjMTEtNDc2OGUzNTBiYmM1XkEyXkFqcGdeQXVyNjU0OTQ0OTY@._V1_SX300.jpg,Internet Movie Database,8.8/10,66,8.8,1458676,tt0137523,movie,5,6-Jun-00,N/A,20th Century Fox,http://www.foxmovies.com/fightclub/,TRUE
10,The Lord of the Rings: The Fellowship of the Ring,2001,PG-13,19-Dec-01,178 min,"English, Sindarin","New Zealand, USA",Won 4 Oscars. Another 113 wins & 124 nominations.,https://images-na.ssl-images-amazon.com/images/M/MV5BN2EyZjM3NzUtNWUzMi00MTgxLWI0NTctMzY4M2VlOTdjZWRiXkEyXkFqcGdeQXVyNDUzOTQ5MjY@._V1_SX300.jpg,Internet Movie Database,8.8/10,92,8.8,1326876,tt0120737,movie,7,6-Aug-02,"$314,000,000",New Line Cinema,http://www.lordoftherings.net/film/trilogy/thefellowship.html,TRUE
11,Forrest Gump,1994,PG-13,6-Jul-94,142 min,English,USA,Won 6 Oscars. Another 39 wins & 66 nominations.,https://images-na.ssl-images-amazon.com/images/M/MV5BYThjM2MwZGMtMzg3Ny00NGRkLWE4M2EtYTBiNWMzOTY0YTI4XkEyXkFqcGdeQXVyNDYyMDk5MTU@._V1_SX300.jpg,Internet Movie Database,8.8/10,82,8.8,1365937,tt0109830,movie,6,28-Aug-01,"$405,000",Paramount Pictures,http://www.paramount.com/movies/forrest-gump/,TRUE
12,Star Wars: Episode V - The Empire Strikes Back,1980,PG,20-Jun-80,124 min,English,USA,Won 1 Oscar. Another 21 wins & 19 nominations.,https://images-na.ssl-images-amazon.com/images/M/MV5BYmViY2M2MTYtY2MzOS00YjQ1LWIzYmEtOTBiNjhlMGM0NjZjXkEyXkFqcGdeQXVyNDYyMDk5MTU@._V1_SX300.jpg,Internet Movie Database,8.8/10,81,8.8,910608,tt0080684,movie,9,21-Sep-04,"$4,548,170",Twentieth Century Fox,http://www.starwars.com/episode-v/,TRUE
13,Inception,2010,PG-13,16-Jul-10,148 min,"English, Japanese, French","USA, UK",Won 4 Oscars. Another 150 wins & 203 nominations.,https://images-na.ssl-images-amazon.com/images/M/MV5BMjAxMzY3NjcxNF5BMl5BanBnXkFtZTcwNTI5OTM0Mw@@._V1_SX300.jpg,Internet Movie Database,8.8/10,74,8.8,1592306,tt1375666,movie,15,7-Dec-10,"$292,568,851",Warner Bros. Pictures,http://inceptionmovie.warnerbros.com/,TRUE
14,The Lord of the Rings: The Two Towers,2002,PG-13,18-Dec-02,179 min,"English, Sindarin, Old English","USA, New Zealand",Won 2 Oscars. Another 118 wins & 138 nominations.,https://images-na.ssl-images-amazon.com/images/M/MV5BMDY0NmI4ZjctN2VhZS00YzExLTkyZGItMTJhOTU5NTg4MDU4XkEyXkFqcGdeQXVyNjU0OTQ0OTY@._V1_SX300.jpg,Internet Movie Database,8.7/10,88,8.7,1188300,tt0167261,movie,8,26-Aug-03,"$339,700,000",New Line Cinema,http://www.lordoftherings.net/,TRUE
15,One Flew Over the Cuckoo's Nest,1975,R,19-Nov-75,133 min,English,USA,Won 5 Oscars. Another 30 wins & 13 nominations.,https://images-na.ssl-images-amazon.com/images/M/MV5BZjA0OWVhOTAtYWQxNi00YzNhLWI4ZjYtNjFjZTEyYjJlNDVlL2ltYWdlL2ltYWdlXkEyXkFqcGdeQXVyMTQxNzMzNDI@._V1_SX300.jpg,Internet Movie Database,8.7/10,80,8.7,729653,tt0073486,movie,2,9-Dec-97,N/A,United Artists,N/A,TRUE
16,Goodfellas,1990,R,21-Sep-90,146 min,"English, Italian",USA,Won 1 Oscar. Another 37 wins & 35 nominations.,https://images-na.ssl-images-amazon.com/images/M/MV5BNThjMzczMjctZmIwOC00NTQ4LWJhZWItZDdhNTk5ZTdiMWFlXkEyXkFqcGdeQXVyNDYyMDk5MTU@._V1_SX300.jpg,Internet Movie Database,8.7/10,89,8.7,787997,tt0099685,movie,2,26-Mar-97,N/A,Warner Bros.,N/A,TRUE
17,The Matrix,1999,R,31-Mar-99,136 min,English,USA,Won 4 Oscars. Another 34 wins & 45 nominations.,https://images-na.ssl-images-amazon.com/images/M/MV5BNzQzOTk3OTAtNDQ0Zi00ZTVkLWI0MTEtMDllZjNkYzNjNTc4L2ltYWdlXkEyXkFqcGdeQXVyNjU0OTQ0OTY@._V1_SX300.jpg,Internet Movie Database,8.7/10,73,8.7,1314628,tt0133093,movie,4,21-Sep-99,N/A,Warner Bros. Pictures,http://www.whatisthematrix.com,TRUE
18,Star Wars: Episode IV - A New Hope,1977,PG,25-May-77,121 min,English,USA,Won 6 Oscars. Another 50 wins & 28 nominations.,https://images-na.ssl-images-amazon.com/images/M/MV5BYzQ2OTk4N2QtOGQwNy00MmI3LWEwNmEtOTk0OTY3NDk2MGJkL2ltYWdlL2ltYWdlXkEyXkFqcGdeQXVyNjc1NTYyMjg@._V1_SX300.jpg,Internet Movie Database,8.7/10,92,8.7,982688,tt0076759,movie,9,21-Sep-04,N/A,20th Century Fox,http://www.starwars.com/episode-iv/,TRUE
19,Se7en,1995,R,22-Sep-95,127 min,English,USA,Nominated for 1 Oscar. Another 25 wins & 34 nominations.,https://images-na.ssl-images-amazon.com/images/M/MV5BOTUwODM5MTctZjczMi00OTk4LTg3NWUtNmVhMTAzNTNjYjcyXkEyXkFqcGdeQXVyNjU0OTQ0OTY@._V1_SX300.jpg,Internet Movie Database,8.6/10,65,8.6,1108627,tt0114369,movie,2,14-Apr-97,N/A,New Line Cinema,N/A,TRUE
20,It's a Wonderful Life,1946,PG,7-Jan-47,130 min,English,USA,Nominated for 5 Oscars. Another 6 wins & 1 nomination.,https://images-na.ssl-images-amazon.com/images/M/MV5BMTMzMzY5NDc4M15BMl5BanBnXkFtZTcwMzc4NjIxNw@@._V1_SX300.jpg,Internet Movie Database,8.6/10,89,8.6,301614,tt0038650,movie,1,19-Sep-95,N/A,Liberty Films,N/A,TRUE
21,The Silence of the Lambs,1991,R,14-Feb-91,118 min,English,USA,Won 5 Oscars. Another 49 wins & 37 nominations.,https://images-na.ssl-images-amazon.com/images/M/MV5BNjNhZTk0ZmEtNjJhMi00YzFlLWE1MmEtYzM1M2ZmMGMwMTU4XkEyXkFqcGdeQXVyNjU0OTQ0OTY@._V1_SX300.jpg,Internet Movie Database,8.6/10,84,8.6,967878,tt0102926,movie,3,1-Jul-98,N/A,Orion Pictures Corporation,N/A,TRUE
22,The Usual Suspects,1995,R,15-Sep-95,106 min,"English, Hungarian, Spanish, French","USA, Germany",Won 2 Oscars. Another 32 wins & 16 nominations.,https://images-na.ssl-images-amazon.com/images/M/MV5BYTViNjMyNmUtNDFkNC00ZDRlLThmMDUtZDU2YWE4NGI2ZjVmXkEyXkFqcGdeQXVyNjU0OTQ0OTY@._V1_SX300.jpg,Internet Movie Database,8.6/10,77,8.6,797545,tt0114814,movie,4,9-Dec-99,N/A,Gramercy Pictures,N/A,TRUE
23,Léon: The Professional,1994,R,18-Nov-94,110 min,"English, Italian, French",France,5 wins & 11 nominations.,https://images-na.ssl-images-amazon.com/images/M/MV5BMjdjMGU3MGYtN2Y5ZC00MTE4LWE4YWQtMTBhMjc3MTk0ZDUwXkEyXkFqcGdeQXVyNjU0OTQ0OTY@._V1_SX300.jpg,Internet Movie Database,8.6/10,64,8.6,787281,tt0110413,movie,5,15-Aug-00,N/A,Columbia Pictures,N/A,TRUE
24,Saving Private Ryan,1998,R,24-Jul-98,169 min,"English, French, German, Czech",USA,Won 5 Oscars. Another 74 wins & 74 nominations.,https://images-na.ssl-images-amazon.com/images/M/MV5BZjhkMDM4MWItZTVjOC00ZDRhLThmYTAtM2I5NzBmNmNlMzI1XkEyXkFqcGdeQXVyNDYyMDk5MTU@._V1_SX300.jpg,Internet Movie Database,8.6/10,90,8.6,960639,tt0120815,movie,4,2-Nov-99,N/A,Paramount Pictures,http://https://www.facebook.com/SavingPrivateRyanMovie,TRUE
25,City Lights,1931,G,7-Mar-31,87 min,English,USA,3 wins.,https://images-na.ssl-images-amazon.com/images/M/MV5BZDRjMmI3ZjgtMGE3Mi00NjY5LTg0NWMtMmU3YzgyMjhmMjIzL2ltYWdlXkEyXkFqcGdeQXVyNTAyODkwOQ@@._V1_SX300.jpg,Internet Movie Database,8.6/10,N/A,8.6,119453,tt0021749,movie,5,8-Feb-00,N/A,Twentieth Century Fox Home Entertainment,N/A,TRUE
26,Interstellar,2014,PG-13,7-Nov-14,169 min,English,"USA, UK, Canada, Iceland",Won 1 Oscar. Another 41 wins & 142 nominations.,https://images-na.ssl-images-amazon.com/images/M/MV5BMjIxNTU4MzY4MF5BMl5BanBnXkFtZTgwMzM4ODI3MjE@._V1_SX300.jpg,Internet Movie Database,8.6/10,74,8.6,1057411,tt0816692,movie,20,31-Mar-15,"$158,737,441",Paramount Pictures,http://www.InterstellarMovie.com/,TRUE
27,American History X,1998,R,20-Nov-98,119 min,English,USA,Nominated for 1 Oscar. Another 4 wins & 13 nominations.,https://images-na.ssl-images-amazon.com/images/M/MV5BZjA0MTM4MTQtNzY5MC00NzY3LWI1ZTgtYzcxMjkyMzU4MDZiXkEyXkFqcGdeQXVyNDYyMDk5MTU@._V1_SX300.jpg,Internet Movie Database,8.5/10,62,8.5,843128,tt0120586,movie,4,6-Apr-99,N/A,New Line Cinema,http://www.historyx.com,TRUE
28,Modern Times,1936,G,25-Feb-36,87 min,English,USA,4 wins & 1 nomination.,https://images-na.ssl-images-amazon.com/images/M/MV5BYjJiZjMzYzktNjU0NS00OTkxLWEwYzItYzdhYWJjN2QzMTRlL2ltYWdlL2ltYWdlXkEyXkFqcGdeQXVyNjU0OTQ0OTY@._V1_SX300.jpg,Internet Movie Database,8.5/10,96,8.5,158254,tt0027977,movie,15,23-Aug-10,N/A,United Artists,http://www.kino.com/moderntimes,TRUE
29,Casablanca,1942,PG,23-Jan-43,102 min,"English, French, German, Italian",USA,Won 3 Oscars. Another 5 wins & 8 nominations.,https://images-na.ssl-images-amazon.com/images/M/MV5BY2IzZGY2YmEtYzljNS00NTM5LTgwMzUtMzM1NjQ4NGI0OTk0XkEyXkFqcGdeQXVyNDYyMDk5MTU@._V1_SX300.jpg,Internet Movie Database,8.5/10,100,8.5,415400,tt0034583,movie,5,15-Feb-00,N/A,Warner Bros. Pictures,http://www.FathomEvents.com,TRUE
30,The Green Mile,1999,R,10-Dec-99,189 min,"English, French",USA,Nominated for 4 Oscars. Another 15 wins & 30 nominations.,https://images-na.ssl-images-amazon.com/images/M/MV5BMTUxMzQyNjA5MF5BMl5BanBnXkFtZTYwOTU2NTY3._V1_SX300.jpg,Internet Movie Database,8.5/10,61,8.5,857527,tt0120689,movie,5,13-Jun-00,N/A,Warner Bros. Pictures,http://www.thegreenmile.com,TRUE
31,Psycho,1960,APPROVED,8-Sep-60,109 min,English,USA,Nominated for 4 Oscars. Another 5 wins & 9 nominations.,https://images-na.ssl-images-amazon.com/images/M/MV5BOWQ0MjRmZmUtY2Q2Yi00ODcxLWE4NGMtMTNjMDY1YmUzMjVkXkEyXkFqcGdeQXVyNjc1NTYyMjg@._V1_SX300.jpg,Internet Movie Database,8.5/10,97,8.5,458316,tt0054215,movie,6,6-Mar-01,N/A,Paramount Pictures,N/A,TRUE
32,Raiders of the Lost Ark,1981,PG,12-Jun-81,115 min,"English, German, Hebrew, Spanish, Arabic, Nepali",USA,Won 4 Oscars. Another 30 wins & 23 nominations.,https://images-na.ssl-images-amazon.com/images/M/MV5BMjA0ODEzMTc1Nl5BMl5BanBnXkFtZTcwODM2MjAxNA@@._V1_SX300.jpg,Internet Movie Database,8.5/10,85,8.5,709587,tt0082971,movie,8,21-Oct-03,N/A,Paramount Pictures,http://www.indianajones.com/raiders/,TRUE
33,The Pianist,2002,R,28-Mar-03,150 min,"English, German, Russian","France, Poland, Germany, UK",Won 3 Oscars. Another 51 wins & 72 nominations.,https://images-na.ssl-images-amazon.com/images/M/MV5BOWRiZDIxZjktMTA1NC00MDQ2LWEzMjUtMTliZmY3NjQ3ODJiXkEyXkFqcGdeQXVyNjU0OTQ0OTY@._V1_SX300.jpg,Internet Movie Database,8.5/10,85,8.5,547383,tt0253474,movie,8,27-May-03,"$32,519,322",Focus Features,http://www.thepianistmovie.com/,TRUE
34,Rear Window,1954,APPROVED,1-Sep-54,112 min,English,USA,Nominated for 4 Oscars. Another 6 wins & 8 nominations.,https://images-na.ssl-images-amazon.com/images/M/MV5BNGUxYWM3M2MtMGM3Mi00ZmRiLWE0NGQtZjE5ODI2OTJhNTU0XkEyXkFqcGdeQXVyMTQxNzMzNDI@._V1_SX300.jpg,Internet Movie Database,8.5/10,N/A,8.5,342023,tt0047396,movie,6,6-Mar-01,N/A,Paramount Pictures,N/A,TRUE
35,The Departed,2006,R,6-Oct-06,151 min,"English, Cantonese","USA, Hong Kong",Won 4 Oscars. Another 92 wins & 134 nominations.,https://images-na.ssl-images-amazon.com/images/M/MV5BMTI1MTY2OTIxNV5BMl5BanBnXkFtZTYwNjQ4NjY3._V1_SX300.jpg,Internet Movie Database,8.5/10,85,8.5,943314,tt0407887,movie,12,13-Feb-07,"$132,300,000",Warner Bros. Pictures,http://www.thedeparted.com/,TRUE
36,Whiplash,2014,R,15-Oct-14,107 min,English,USA,Won 3 Oscars. Another 88 wins & 135 nominations.,https://images-na.ssl-images-amazon.com/images/M/MV5BOTVhMWQ5MDktMGE3OS00MjVlLWExZWYtMzY2MTg4ZGFiZDQ5L2ltYWdlXkEyXkFqcGdeQXVyNjU0OTQ0OTY@._V1_SX300.jpg,Internet Movie Database,8.5/10,88,8.5,485079,tt2582802,movie,20,24-Feb-15,N/A,Sony Pictures Classics,http://sonyclassics.com/whiplash/,TRUE
37,Terminator 2: Judgment Day,1991,R,3-Jul-91,137 min,"English, Spanish","USA, France",Won 4 Oscars. Another 24 wins & 24 nominations.,https://images-na.ssl-images-amazon.com/images/M/MV5BMGU2NzRmZjUtOGUxYS00ZjdjLWEwZWItY2NlM2JhNjkxNTFmXkEyXkFqcGdeQXVyNjU0OTQ0OTY@._V1_SX300.jpg,Internet Movie Database,8.5/10,75,8.5,798971,tt0103064,movie,3,31-Mar-98,"$198,116,802",TriStar Pictures,N/A,TRUE
38,Back to the Future,1985,PG,3-Jul-85,116 min,English,USA,Won 1 Oscar. Another 18 wins & 26 nominations.,https://images-na.ssl-images-amazon.com/images/M/MV5BZmU0M2Y1OGUtZjIxNi00ZjBkLTg1MjgtOWIyNThiZWIwYjRiXkEyXkFqcGdeQXVyMTQxNzMzNDI@._V1_SX300.jpg,Internet Movie Database,8.5/10,86,8.5,798211,tt0088763,movie,7,17-Dec-02,"$2,925,880",Universal Pictures,http://www.bttfmovie.com/,TRUE
39,Gladiator,2000,R,5-May-00,155 min,English,"USA, UK",Won 5 Oscars. Another 53 wins & 101 nominations.,https://images-na.ssl-images-amazon.com/images/M/MV5BMDliMmNhNDEtODUyOS00MjNlLTgxODEtN2U3NzIxMGVkZTA1L2ltYWdlXkEyXkFqcGdeQXVyNjU0OTQ0OTY@._V1_SX300.jpg,Internet Movie Database,8.5/10,67,8.5,1059523,tt0172495,movie,5,21-Nov-00,N/A,Dreamworks Distribution LLC,http://www.gladiator-thefilm.com,TRUE
40,The Lion King,1994,G,24-Jun-94,88 min,"English, Swahili, Xhosa, Zulu",USA,Won 2 Oscars. Another 33 wins & 30 nominations.,https://images-na.ssl-images-amazon.com/images/M/MV5BYTYxNGMyZTYtMjE3MS00MzNjLWFjNmYtMDk3N2FmM2JiM2M1XkEyXkFqcGdeQXVyNjY5NDU4NzI@._V1_SX300.jpg,Internet Movie Database,8.5/10,83,8.5,707806,tt0110357,movie,8,7-Oct-03,"$94,240,635",Buena Vista,http://disney.go.com/lionking/,TRUE
41,The Prestige,2006,PG-13,20-Oct-06,130 min,English,"USA, UK",Nominated for 2 Oscars. Another 5 wins & 36 nominations.,https://images-na.ssl-images-amazon.com/images/M/MV5BMjA4NDI0MTIxNF5BMl5BanBnXkFtZTYwNTM0MzY2._V1_SX300.jpg,Internet Movie Database,8.5/10,66,8.5,922672,tt0482571,movie,12,20-Feb-07,"$53,100,000",Buena Vista Pictures,http://touchstone.movies.go.com/index.html?dlink=prestige,TRUE
42,Apocalypse Now,1979,R,15-Aug-79,153 min,"English, French, Vietnamese",USA,Won 2 Oscars. Another 18 wins & 31 nominations.,https://images-na.ssl-images-amazon.com/images/M/MV5BMDg1MDgzMmQtNDhlYS00MzZiLTllZGItNzliZTE1ODBiZDQwXkEyXkFqcGdeQXVyNjU0OTQ0OTY@._V1_SX300.jpg,Internet Movie Database,8.5/10,90,8.5,481465,tt0078788,movie,6,20-Nov-01,N/A,United Artists,http://www.zoetrope.com/zoe_films.cgi?page=films&action=show_one&film_id=13,TRUE
43,Memento,2000,R,25-May-01,113 min,English,USA,Nominated for 2 Oscars. Another 55 wins & 55 nominations.,https://images-na.ssl-images-amazon.com/images/M/MV5BZTcyNjk1MjgtOWI3Mi00YzQwLWI5MTktMzY4ZmI2NDAyNzYzXkEyXkFqcGdeQXVyNjU0OTQ0OTY@._V1_SX300.jpg,Internet Movie Database,8.5/10,80,8.5,909341,tt0209144,movie,6,4-Sep-01,"$23,844,220",Newmarket Films,http://www.otnemem.com,TRUE
44,The Great Dictator,1940,APPROVED,7-Mar-41,125 min,"English, Esperanto",USA,Nominated for 5 Oscars. Another 6 wins & 1 nomination.,https://images-na.ssl-images-amazon.com/images/M/MV5BMmExYWJjNTktNGUyZS00ODhmLTkxYzAtNWIzOGEyMGNiMmUwXkEyXkFqcGdeQXVyNjU0OTQ0OTY@._V1_SX300.jpg,Internet Movie Database,8.5/10,N/A,8.5,151705,tt0032553,movie,15,10-May-10,N/A,Criterion Collection,N/A,TRUE
45,Sunset Boulevard,1950,PASSED,29-Sep-50,110 min,English,USA,Won 3 Oscars. Another 15 wins & 18 nominations.,https://images-na.ssl-images-amazon.com/images/M/MV5BMTU0NTkyNzYwMF5BMl5BanBnXkFtZTgwMDU0NDk5MTI@._V1_SX300.jpg,Internet Movie Database,8.5/10,N/A,8.5,151983,tt0043014,movie,7,26-Nov-02,N/A,Paramount Pictures,N/A,TRUE
46,Alien,1979,R,22-Jun-79,117 min,English,"UK, USA",Won 1 Oscar. Another 16 wins & 19 nominations.,https://images-na.ssl-images-amazon.com/images/M/MV5BNDNhN2IxZWItNGEwYS00ZDNhLThiM2UtODU3NWJlZjBkYjQxXkEyXkFqcGdeQXVyMTQxNzMzNDI@._V1_SX300.jpg,Internet Movie Database,8.5/10,83,8.5,618222,tt0078748,movie,9,6-Jan-04,N/A,20th Century Fox,http://www.foxmovies.com/index1.html,TRUE
47,Dr. Strangelove or: How I Learned to Stop Worrying and Love the Bomb,1964,PG,29-Jan-64,95 min,"English, Russian","USA, UK",Nominated for 4 Oscars. Another 13 wins & 6 nominations.,https://images-na.ssl-images-amazon.com/images/M/MV5BMTU2ODM2NTkxNF5BMl5BanBnXkFtZTcwOTMwMzU3Mg@@._V1_SX300.jpg,Internet Movie Database,8.5/10,96,8.5,367328,tt0057012,movie,9,2-Nov-04,N/A,Sony Pictures,N/A,TRUE
48,Paths of Glory,1957,APPROVED,1-Nov-57,88 min,"English, German, Latin",USA,Nominated for 1 BAFTA Film Award. Another 4 wins & 2 nominations.,https://images-na.ssl-images-amazon.com/images/M/MV5BMDdkYzE5ODYtMmIwZi00MDgzLTk1YWEtZTcwNGRmMzAwNDMzXkEyXkFqcGdeQXVyNDQzMDg4Nzk@._V1_SX300.jpg,Internet Movie Database,8.5/10,N/A,8.5,132224,tt0050825,movie,6,15-May-01,N/A,United Artists,N/A,TRUE
49,Django Unchained,2012,R,25-Dec-12,165 min,"English, German, French, Italian",USA,Won 2 Oscars. Another 56 wins & 151 nominations.,https://images-na.ssl-images-amazon.com/images/M/MV5BMjIyNTQ5NjQ1OV5BMl5BanBnXkFtZTcwODg1MDU4OA@@._V1_SX300.jpg,Internet Movie Database,8.4/10,81,8.4,1047465,tt1853728,movie,18,16-Apr-13,"$162,804,648",The Weinstein Co.,http://unchainedmovie.com/,TRUE
50,The Shining,1980,R,13-Jun-80,146 min,English,"UK, USA",3 wins & 5 nominations.,https://images-na.ssl-images-amazon.com/images/M/MV5BZWFlYmY2MGEtZjVkYS00YzU4LTg0YjQtYzY1ZGE3NTA5NGQxXkEyXkFqcGdeQXVyMTQxNzMzNDI@._V1_SX300.jpg,Internet Movie Database,8.4/10,61,8.4,664418,tt0081505,movie,4,29-Jun-99,N/A,Warner Bros. Pictures,N/A,TRUE
51,Witness for the Prosecution,1957,APPROVED,6-Feb-58,116 min,"English, German",USA,Nominated for 6 Oscars. Another 3 wins & 9 nominations.,https://images-na.ssl-images-amazon.com/images/M/MV5BMTc0MjgyNTUyNF5BMl5BanBnXkFtZTcwNDQzMDg0Nw@@._V1_SX300.jpg,Internet Movie Database,8.4/10,N/A,8.4,70915,tt0051201,movie,6,11-Dec-01,N/A,MGM,N/A,TRUE
52,The Dark Knight Rises,2012,PG-13,20-Jul-12,164 min,"English, Arabic","UK, USA",Nominated for 1 BAFTA Film Award. Another 38 wins & 101 nominations.,https://images-na.ssl-images-amazon.com/images/M/MV5BMTk4ODQzNDY3Ml5BMl5BanBnXkFtZTcwODA0NTM4Nw@@._V1_SX300.jpg,Internet Movie Database,8.5/10,78,8.5,1228378,tt1345836,movie,17,3-Dec-12,"$448,130,642",Warner Bros. Pictures,http://www.thedarkknightrises.com/,TRUE
53,WALL·E,2008,G,27-Jun-08,98 min,English,USA,Won 1 Oscar. Another 90 wins & 90 nominations.,https://images-na.ssl-images-amazon.com/images/M/MV5BMjExMTg5OTU0NF5BMl5BanBnXkFtZTcwMjMxMzMzMw@@._V1_SX300.jpg,Internet Movie Database,8.4/10,94,8.4,782275,tt0910970,movie,13,18-Nov-08,"$223,749,872",Walt Disney Pictures,http://www.wall-e.com/,TRUE
54,American Beauty,1999,R,1-Oct-99,122 min,English,USA,Won 5 Oscars. Another 103 wins & 98 nominations.,https://images-na.ssl-images-amazon.com/images/M/MV5BMjM4NTI5NzYyNV5BMl5BanBnXkFtZTgwNTkxNTYxMTE@._V1_SX300.jpg,Internet Movie Database,8.4/10,86,8.4,881549,tt0169547,movie,7,2-Jan-02,N/A,Dream Works,http://www.amazon.com/exec/obidos/subst/video/misc/dreamworks/american-beauty/ab-home.html/002-3821383-4244813,TRUE
55,Once Upon a Time in America,1984,R,1-Jun-84,229 min,"English, Italian, French","Italy, USA",Nominated for 2 Golden Globes. Another 11 wins & 7 nominations.,https://images-na.ssl-images-amazon.com/images/M/MV5BMGFkNWI4MTMtNGQ0OC00MWVmLTk3MTktOGYxN2Y2YWVkZWE2XkEyXkFqcGdeQXVyNjU0OTQ0OTY@._V1_SX300.jpg,Internet Movie Database,8.4/10,N/A,8.4,239391,tt0087843,movie,8,10-Jun-03,N/A,Warner Home Video,N/A,TRUE
56,Aliens,1986,R,18-Jul-86,137 min,English,"USA, UK",Won 2 Oscars. Another 18 wins & 22 nominations.,https://images-na.ssl-images-amazon.com/images/M/MV5BYzVlMWViZGEtYjEyYy00YWZmLThmZGEtYmM4MDZlN2Q5MmRmXkEyXkFqcGdeQXVyMTQxNzMzNDI@._V1_SX300.jpg,Internet Movie Database,8.4/10,87,8.4,529034,tt0090605,movie,4,1-Jun-99,N/A,20th Century Fox Film Corporat,N/A,TRUE
57,Citizen Kane,1941,APPROVED,5-Sep-41,119 min,English,USA,Won 1 Oscar. Another 9 wins & 12 nominations.,https://images-na.ssl-images-amazon.com/images/M/MV5BMTQ2Mjc1MDQwMl5BMl5BanBnXkFtZTcwNzUyOTUyMg@@._V1_SX300.jpg,Internet Movie Database,8.4/10,100,8.4,318781,tt0033467,movie,6,25-Sep-01,N/A,RKO Radio Pictures,N/A,TRUE
58,North by Northwest,1959,APPROVED,26-Sep-59,136 min,English,USA,Nominated for 3 Oscars. Another 8 wins & 4 nominations.,https://images-na.ssl-images-amazon.com/images/M/MV5BMjQwMTQ0MzgwNl5BMl5BanBnXkFtZTgwNjc4ODE4MzE@._V1_SX300.jpg,Internet Movie Database,8.4/10,N/A,8.4,235871,tt0053125,movie,5,29-Aug-00,N/A,Turner Entertainment,N/A,TRUE
59,Vertigo,1958,PG,21-Jul-58,128 min,English,USA,Nominated for 2 Oscars. Another 8 wins & 4 nominations.,https://images-na.ssl-images-amazon.com/images/M/MV5BYTE4ODEwZDUtNDFjOC00NjAxLWEzYTQtYTI1NGVmZmFlNjdiL2ltYWdlL2ltYWdlXkEyXkFqcGdeQXVyNjc1NTYyMjg@._V1_SX300.jpg,Internet Movie Database,8.4/10,N/A,8.4,272500,tt0052357,movie,3,31-Mar-98,N/A,Paramount Pictures,N/A,TRUE
60,Star Wars: Episode VI - Return of the Jedi,1983,PG,25-May-83,131 min,English,USA,Nominated for 4 Oscars. Another 20 wins & 16 nominations.,https://images-na.ssl-images-amazon.com/images/M/MV5BODllZjg2YjUtNWEzNy00ZGY2LTgyZmQtYTkxNDYyOWM3OTUyXkEyXkFqcGdeQXVyMTQxNzMzNDI@._V1_SX300.jpg,Internet Movie Database,8.4/10,53,8.4,747275,tt0086190,movie,11,12-Sep-06,N/A,Twentieth Century Fox,http://www.starwars.com/episode-vi/,TRUE
61,Braveheart,1995,R,24-May-95,178 min,"English, French, Latin, Scottish Gaelic",USA,Won 5 Oscars. Another 26 wins & 29 nominations.,https://images-na.ssl-images-amazon.com/images/M/MV5BODg4NzA0MTktOGU5ZS00ODlkLWE3ZmQtYjAzNjNmM2E3NmEzL2ltYWdlL2ltYWdlXkEyXkFqcGdeQXVyNjU0OTQ0OTY@._V1_SX300.jpg,Internet Movie Database,8.4/10,68,8.4,793897,tt0112573,movie,5,29-Aug-00,N/A,Paramount Pictures,N/A,TRUE
62,Reservoir Dogs,1992,R,2-Sep-92,99 min,English,USA,9 wins & 15 nominations.,https://images-na.ssl-images-amazon.com/images/M/MV5BZmExNmEwYWItYmQzOS00YjA5LTk2MjktZjEyZDE1Y2QxNjA1XkEyXkFqcGdeQXVyMTQxNzMzNDI@._V1_SX300.jpg,Internet Movie Database,8.3/10,78,8.3,721998,tt0105236,movie,7,5-Nov-02,N/A,Miramax Films,N/A,TRUE
63,Double Indemnity,1944,PASSED,6-Jul-44,107 min,English,USA,Nominated for 7 Oscars. Another 2 wins & 2 nominations.,https://images-na.ssl-images-amazon.com/images/M/MV5BZmRmYmZkZTktZDc5ZC00ZjZmLTg4NWMtYjM3MjcyNTVjNGQ5L2ltYWdlL2ltYWdlXkEyXkFqcGdeQXVyNjc1NTYyMjg@._V1_SX300.jpg,Internet Movie Database,8.3/10,N/A,8.3,106914,tt0036775,movie,5,10-Oct-00,N/A,Paramount Pictures,N/A,TRUE
64,Requiem for a Dream,2000,R,15-Dec-00,102 min,English,USA,Nominated for 1 Oscar. Another 33 wins & 62 nominations.,https://images-na.ssl-images-amazon.com/images/M/MV5BOTdiNzJlOWUtNWMwNS00NmFlLWI0YTEtZmI3YjIzZWUyY2Y3XkEyXkFqcGdeQXVyNjU0OTQ0OTY@._V1_SX300.jpg,Internet Movie Database,8.4/10,68,8.4,618232,tt0180093,movie,6,22-May-01,"$2,546,851",Artisan Entertainment,http://www.requiemforadream.com,TRUE
65,Lawrence of Arabia,1962,PG,11-Dec-62,216 min,"English, Arabic, Turkish","UK, USA",Won 7 Oscars. Another 23 wins & 14 nominations.,https://images-na.ssl-images-amazon.com/images/M/MV5BYWY5ZjhjNGYtZmI2Ny00ODM0LWFkNzgtZmI1YzA2N2MxMzA0XkEyXkFqcGdeQXVyNjUwNzk3NDc@._V1_SX300.jpg,Internet Movie Database,8.3/10,100,8.3,207765,tt0056172,movie,6,3-Apr-01,N/A,Columbia Pictures,N/A,TRUE
66,The Kid,1921,NOT RATED,6-Feb-21,68 min,English,USA,1 win.,https://images-na.ssl-images-amazon.com/images/M/MV5BZjhhMThhNDItNTY2MC00MmU1LTliNDEtNDdhZjdlNTY5ZDQ1XkEyXkFqcGdeQXVyNjc1NTYyMjg@._V1_SX300.jpg,Internet Movie Database,8.3/10,N/A,8.3,76513,tt0012349,movie,9,2-Mar-04,N/A,First National Pictures Inc.,N/A,TRUE
67,A Clockwork Orange,1971,R,2-Feb-72,136 min,English,"UK, USA",Nominated for 4 Oscars. Another 9 wins & 17 nominations.,https://images-na.ssl-images-amazon.com/images/M/MV5BMTY3MjM1Mzc4N15BMl5BanBnXkFtZTgwODM0NzAxMDE@._V1_SX300.jpg,Internet Movie Database,8.3/10,78,8.3,601251,tt0066921,movie,4,29-Jun-99,N/A,Warner Bros.,N/A,TRUE
68,Amadeus,1984,R,19-Sep-84,160 min,"English, Italian, Latin, German","USA, France",Won 8 Oscars. Another 33 wins & 14 nominations.,https://images-na.ssl-images-amazon.com/images/M/MV5BMTg5NDkwMTk5N15BMl5BanBnXkFtZTYwODg3MDk2._V1_SX300.jpg,Internet Movie Database,8.3/10,93,8.3,293394,tt0086879,movie,2,16-Dec-97,N/A,Warner Bros. Pictures,http://movies.warnerbros.com/amadeus,TRUE
69,To Kill a Mockingbird,1962,NOT RATED,16-Mar-63,129 min,English,USA,Won 3 Oscars. Another 10 wins & 16 nominations.,https://images-na.ssl-images-amazon.com/images/M/MV5BN2YxZDUxYzMtYzQxNy00NTRjLThmZjQtY2Q4Njg2MTUyOTkzL2ltYWdlL2ltYWdlXkEyXkFqcGdeQXVyNjU0OTQ0OTY@._V1_SX300.jpg,Internet Movie Database,8.3/10,N/A,8.3,234351,tt0056592,movie,3,28-Apr-98,N/A,Universal International Pictur,N/A,TRUE
70,Eternal Sunshine of the Spotless Mind,2004,R,19-Mar-04,108 min,English,USA,Won 1 Oscar. Another 70 wins & 109 nominations.,https://images-na.ssl-images-amazon.com/images/M/MV5BMTY4NzcwODg3Nl5BMl5BanBnXkFtZTcwNTEwOTMyMw@@._V1_SX300.jpg,Internet Movie Database,8.3/10,89,8.3,720117,tt0338013,movie,9,28-Sep-04,"$34,126,138",Focus Features,http://www.eternalsunshine.com/,TRUE
71,Singin' in the Rain,1952,APPROVED,11-Apr-52,103 min,English,USA,Nominated for 2 Oscars. Another 5 wins & 7 nominations.,https://images-na.ssl-images-amazon.com/images/M/MV5BZDRjNGViMjQtOThlMi00MTA3LThkYzQtNzJkYjBkMGE0YzE1XkEyXkFqcGdeQXVyNDYyMDk5MTU@._V1_SX300.jpg,Internet Movie Database,8.3/10,N/A,8.3,166166,tt0045152,movie,2,26-Aug-97,N/A,MGM,http://www.FathomEvents.com,TRUE
72,Taxi Driver,1976,R,8-Feb-76,113 min,"English, Spanish",USA,Nominated for 4 Oscars. Another 21 wins & 15 nominations.,https://images-na.ssl-images-amazon.com/images/M/MV5BNGQxNDgzZWQtZTNjNi00M2RkLWExZmEtNmE1NjEyZDEwMzA5XkEyXkFqcGdeQXVyMTQxNzMzNDI@._V1_SX300.jpg,Internet Movie Database,8.3/10,93,8.3,549211,tt0075314,movie,4,15-Jun-99,N/A,Columbia Pictures,N/A,TRUE
73,The Sting,1973,PG,25-Dec-73,129 min,English,USA,Won 7 Oscars. Another 10 wins & 6 nominations.,"https://images-na.ssl-images-amazon.com/images/M/MV5BMTY5MjM1OTAyOV5BMl5BanBnXkFtZTgwMDkwODg4MDE@._V1._CR52,57,915,1388_SX89_AL_.jpg_V1_SX300.jpg",Internet Movie Database,8.3/10,80,8.3,190154,tt0070735,movie,10,6-Sep-05,N/A,Universal Pictures,N/A,TRUE
74,Toy Story 3,2010,G,18-Jun-10,103 min,"English, Spanish",USA,Won 2 Oscars. Another 59 wins & 91 nominations.,https://images-na.ssl-images-amazon.com/images/M/MV5BMTgxOTY4Mjc0MF5BMl5BanBnXkFtZTcwNTA4MDQyMw@@._V1_SX300.jpg,Internet Movie Database,8.3/10,92,8.3,589975,tt0435761,movie,15,2-Nov-10,"$414,984,497",Walt Disney Pictures,http://www.disney.com/ToyStory,TRUE
75,2001: A Space Odyssey,1968,G,12-May-68,149 min,"English, Russian","UK, USA",Won 1 Oscar. Another 13 wins & 8 nominations.,https://images-na.ssl-images-amazon.com/images/M/MV5BMTZkZTBhYmUtMTIzNy00YTViLTg1OWItNGUwMmVlN2FjZTVkXkEyXkFqcGdeQXVyNDYyMDk5MTU@._V1_SX300.jpg,Internet Movie Database,8.3/10,86,8.3,462767,tt0062622,movie,3,25-Aug-98,"$135,620",Warner Bros. Pictures,N/A,TRUE
76,Full Metal Jacket,1987,R,10-Jul-87,116 min,"English, Vietnamese","UK, USA",Nominated for 1 Oscar. Another 7 wins & 9 nominations.,https://images-na.ssl-images-amazon.com/images/M/MV5BNzc2ZThkOGItZGY5YS00MDYwLTkyOTAtNDRmZWIwMGRhYTc0L2ltYWdlXkEyXkFqcGdeQXVyNjU0OTQ0OTY@._V1_SX300.jpg,Internet Movie Database,8.3/10,76,8.3,527053,tt0093058,movie,4,29-Jun-99,N/A,Warner Bros.,N/A,TRUE
77,Toy Story,1995,G,22-Nov-95,81 min,English,USA,Nominated for 3 Oscars. Another 23 wins & 18 nominations.,https://images-na.ssl-images-amazon.com/images/M/MV5BMDU2ZWJlMjktMTRhMy00ZTA5LWEzNDgtYmNmZTEwZTViZWJkXkEyXkFqcGdeQXVyNDQ2OTk4MzI@._V1_SX300.jpg,Internet Movie Database,8.3/10,95,8.3,680986,tt0114709,movie,6,20-Mar-01,N/A,Buena Vista,http://www.disney.com/ToyStory,TRUE
78,Inglourious Basterds,2009,R,21-Aug-09,153 min,"English, German, French, Italian","USA, Germany",Won 1 Oscar. Another 129 wins & 165 nominations.,https://images-na.ssl-images-amazon.com/images/M/MV5BOTJiNDEzOWYtMTVjOC00ZjlmLWE0NGMtZmE1OWVmZDQ2OWJhXkEyXkFqcGdeQXVyNTIzOTk5ODM@._V1_SX300.jpg,Internet Movie Database,8.3/10,69,8.3,969927,tt0361748,movie,14,15-Dec-09,"$120,523,073",The Weinstein Company,http://www.inglouriousbasterds-movie.com/,TRUE
79,Snatch,2000,R,19-Jan-01,102 min,"English, Russian","UK, USA",4 wins & 6 nominations.,https://images-na.ssl-images-amazon.com/images/M/MV5BMTA2NDYxOGYtYjU1Mi00Y2QzLTgxMTQtMWI1MGI0ZGQ5MmU4XkEyXkFqcGdeQXVyNDk3NzU2MTQ@._V1_SX300.jpg,Internet Movie Database,8.3/10,55,8.3,643205,tt0208092,movie,6,3-Jul-01,"$30,093,107",Columbia Pictures,N/A,TRUE
80,The Apartment,1960,APPROVED,16-Sep-60,125 min,English,USA,Won 5 Oscars. Another 19 wins & 8 nominations.,https://images-na.ssl-images-amazon.com/images/M/MV5BN2YxYmUyZGItZWEzYy00NTA3LThhM2UtZThhNDM5NWYxZGQ1L2ltYWdlL2ltYWdlXkEyXkFqcGdeQXVyNjU0OTQ0OTY@._V1_SX300.jpg,Internet Movie Database,8.3/10,N/A,8.3,119156,tt0053604,movie,6,19-Jun-01,N/A,United Artists,http://www.mgm.com/title_title.php?title_star=APARTMEN,TRUE
81,All About Eve,1950,APPROVED,15-Jan-51,138 min,"English, French",USA,Won 6 Oscars. Another 17 wins & 17 nominations.,https://images-na.ssl-images-amazon.com/images/M/MV5BMTY2MTAzODI5NV5BMl5BanBnXkFtZTgwMjM4NzQ0MjE@._V1_SX300.jpg,Internet Movie Database,8.3/10,N/A,8.3,89890,tt0042192,movie,4,5-Oct-99,N/A,20th Century Fox,N/A,TRUE
82,Monty Python and the Holy Grail,1975,PG,25-May-75,91 min,"English, French, Latin",UK,2 wins & 2 nominations.,https://images-na.ssl-images-amazon.com/images/M/MV5BNmNmZjViNTQtNDQ5Mi00MDYzLWI5YWMtNDUyZGNmMGZhNDg4XkEyXkFqcGdeQXVyNTA4NzY1MzY@._V1_SX300.jpg,Internet Movie Database,8.3/10,93,8.3,408671,tt0071853,movie,4,7-Sep-99,N/A,Almi Cinema 5,N/A,TRUE
83,Scarface,1983,R,9-Dec-83,170 min,"English, Spanish",USA,Nominated for 3 Golden Globes. Another 4 nominations.,https://images-na.ssl-images-amazon.com/images/M/MV5BNjdjNGQ4NDEtNTEwYS00MTgxLTliYzQtYzE2ZDRiZjFhZmNlXkEyXkFqcGdeQXVyNjU0OTQ0OTY@._V1_SX300.jpg,Internet Movie Database,8.3/10,65,8.3,580090,tt0086250,movie,8,30-Sep-03,"$656,161",Universal Films,N/A,TRUE
84,L.A. Confidential,1997,R,19-Sep-97,138 min,English,USA,Won 2 Oscars. Another 85 wins & 77 nominations.,https://images-na.ssl-images-amazon.com/images/M/MV5BMDQ2YzEyZGItYWRhOS00MjBmLTkzMDUtMTdjYzkyMmQxZTJlXkEyXkFqcGdeQXVyNjU0OTQ0OTY@._V1_SX300.jpg,Internet Movie Database,8.3/10,90,8.3,441642,tt0119488,movie,3,22-Apr-98,N/A,Warner Bros. Pictures,N/A,TRUE
85,Good Will Hunting,1997,R,9-Jan-98,126 min,English,USA,Won 2 Oscars. Another 22 wins & 55 nominations.,https://images-na.ssl-images-amazon.com/images/M/MV5BOTI0MzcxMTYtZDVkMy00NjY1LTgyMTYtZmUxN2M3NmQ2NWJhXkEyXkFqcGdeQXVyMTQxNzMzNDI@._V1_SX300.jpg,Internet Movie Database,8.3/10,70,8.3,659342,tt0119217,movie,3,8-Dec-98,N/A,Miramax Films,http://www.miramax.com/movie/good-will-hunting/,TRUE
86,The Treasure of the Sierra Madre,1948,APPROVED,24-Jan-48,126 min,"English, Spanish",USA,Won 3 Oscars. Another 12 wins & 5 nominations.,https://images-na.ssl-images-amazon.com/images/M/MV5BMTQ4MzUzOTYwOV5BMl5BanBnXkFtZTgwNDA4MzgyMjE@._V1_SX300.jpg,Internet Movie Database,8.3/10,N/A,8.3,85244,tt0040897,movie,8,30-Sep-03,N/A,WARNER BROTHERS PICTURES,N/A,TRUE
87,Indiana Jones and the Last Crusade,1989,PG-13,24-May-89,127 min,"English, German, Greek, Arabic",USA,Won 1 Oscar. Another 6 wins & 20 nominations.,https://images-na.ssl-images-amazon.com/images/M/MV5BMjNkMzc2N2QtNjVlNS00ZTk5LTg0MTgtODY2MDAwNTMwZjBjXkEyXkFqcGdeQXVyNDk3NzU2MTQ@._V1_SX300.jpg,Internet Movie Database,8.3/10,65,8.3,555173,tt0097576,movie,8,21-Oct-03,N/A,Paramount Pictures,http://www.indianajones.com/,TRUE
88,Some Like It Hot,1959,NOT RATED,14-Apr-59,121 min,English,USA,Won 1 Oscar. Another 9 wins & 13 nominations.,https://images-na.ssl-images-amazon.com/images/M/MV5BNzAyOGIxYjAtMGY2NC00ZTgyLWIwMWEtYzY0OWQ4NDFjOTc5XkEyXkFqcGdeQXVyNjU0OTQ0OTY@._V1_SX300.jpg,Internet Movie Database,8.3/10,N/A,8.3,189098,tt0053291,movie,6,22-May-01,N/A,United Artists,http://www.fjtlesoiseaux.fr/cinema.html,TRUE
89,Batman Begins,2005,PG-13,15-Jun-05,140 min,"English, Urdu, Mandarin","USA, UK",Nominated for 1 Oscar. Another 14 wins & 71 nominations.,https://images-na.ssl-images-amazon.com/images/M/MV5BNTM3OTc0MzM2OV5BMl5BanBnXkFtZTYwNzUwMTI3._V1_SX300.jpg,Internet Movie Database,8.3/10,70,8.3,1053569,tt0372784,movie,10,18-Oct-05,"$204,100,000",Warner Bros. Pictures,http://www.batmanbegins.com/,TRUE
90,Up,2009,PG,29-May-09,96 min,English,USA,Won 2 Oscars. Another 74 wins & 82 nominations.,https://images-na.ssl-images-amazon.com/images/M/MV5BMTk3NDE2NzI4NF5BMl5BanBnXkFtZTgwNzE1MzEyMTE@._V1_SX300.jpg,Internet Movie Database,8.3/10,88,8.3,727405,tt1049413,movie,14,10-Nov-09,"$292,979,556",Walt Disney Pictures,http://Disney.com/UP,TRUE
91,The Third Man,1949,APPROVED,31-Aug-49,93 min,"English, German, Russian",UK,Won 1 Oscar. Another 4 wins & 4 nominations.,https://images-na.ssl-images-amazon.com/images/M/MV5BZjQxYmRkMjgtMmZkZi00ZDYyLTk5OTktZWZjZTEzNGZlMWEwXkEyXkFqcGdeQXVyNDYyMDk5MTU@._V1_SX300.jpg,Internet Movie Database,8.3/10,N/A,8.3,122343,tt0041959,movie,4,30-Nov-99,N/A,Rialto Pictures,http://www.rialtopictures.com/thirdman,TRUE
92,Unforgiven,1992,R,7-Aug-92,131 min,English,USA,Won 4 Oscars. Another 40 wins & 28 nominations.,https://images-na.ssl-images-amazon.com/images/M/MV5BODM3YWY4NmQtN2Y3Ni00OTg0LWFhZGQtZWE3ZWY4MTJlOWU4XkEyXkFqcGdeQXVyNjU0OTQ0OTY@._V1_SX300.jpg,Internet Movie Database,8.2/10,82,8.2,298035,tt0105695,movie,2,26-Mar-97,N/A,Warner Bros. Pictures,N/A,TRUE
93,Judgment at Nuremberg,1961,NOT RATED,18-Dec-61,186 min,"English, German",USA,Won 2 Oscars. Another 13 wins & 25 nominations.,https://images-na.ssl-images-amazon.com/images/M/MV5BNDc2ODQ5NTE2MV5BMl5BanBnXkFtZTcwODExMjUyNA@@._V1_SX300.jpg,Internet Movie Database,8.3/10,N/A,8.3,49303,tt0055031,movie,9,7-Sep-04,N/A,United Artists,N/A,TRUE
94,Raging Bull,1980,R,19-Dec-80,129 min,English,USA,Won 2 Oscars. Another 22 wins & 26 nominations.,https://images-na.ssl-images-amazon.com/images/M/MV5BNDg1YTFlMDgtNzNhNy00ODhlLWFhMTAtOTE5MjhjNzI0NDljXkEyXkFqcGdeQXVyNjc1NTYyMjg@._V1_SX300.jpg,Internet Movie Database,8.2/10,92,8.2,251296,tt0081398,movie,5,1-Aug-00,N/A,United Artists,N/A,TRUE
95,The Great Escape,1963,APPROVED,4-Jul-63,172 min,"English, German, French, Russian, Spanish",USA,Nominated for 1 Oscar. Another 2 wins & 9 nominations.,https://images-na.ssl-images-amazon.com/images/M/MV5BMjI2MTQwNDI3Nl5BMl5BanBnXkFtZTcwNDk4MTkzNA@@._V1_SX300.jpg,Internet Movie Database,8.2/10,N/A,8.2,177901,tt0057115,movie,10,11-Oct-05,N/A,VCI,N/A,TRUE
96,Heat,1995,R,15-Dec-95,170 min,"English, Spanish",USA,12 nominations.,https://images-na.ssl-images-amazon.com/images/M/MV5BNGMwNzUwNjYtZWM5NS00YzMyLWI4NjAtNjM0ZDBiMzE1YWExXkEyXkFqcGdeQXVyNDk3NzU2MTQ@._V1_SX300.jpg,Internet Movie Database,8.2/10,76,8.2,461331,tt0113277,movie,4,27-Jul-99,N/A,Warner Bros.,N/A,TRUE
97,Die Hard,1988,R,20-Jul-88,131 min,"English, German, Italian",USA,Nominated for 4 Oscars. Another 6 wins & 2 nominations.,https://images-na.ssl-images-amazon.com/images/M/MV5BYmY2ZGEwMTYtNjBmZS00OGE4LWEyMmUtNjAwMWUxZjVmZTRiXkEyXkFqcGdeQXVyNjU0OTQ0OTY@._V1_SX300.jpg,Internet Movie Database,8.2/10,70,8.2,636557,tt0095016,movie,4,9-Mar-99,N/A,20th Century Fox,http://www.foxhome.com/diehardcollection/index_frames.html,TRUE
98,The Gold Rush,1925,NOT RATED,N/A,95 min,English,USA,Nominated for 2 Oscars. Another 3 wins & 1 nomination.,https://images-na.ssl-images-amazon.com/images/M/MV5BZjEyOTE4MzMtNmMzMy00Mzc3LWJlOTQtOGJiNDE0ZmJiOTU4L2ltYWdlXkEyXkFqcGdeQXVyNTAyODkwOQ@@._V1_SX300.jpg,Internet Movie Database,8.2/10,N/A,8.2,73848,tt0015864,movie,5,16-May-00,N/A,Janus Films,N/A,TRUE
99,Chinatown,1974,R,20-Jun-74,130 min,"English, Cantonese, Spanish",USA,Won 1 Oscar. Another 20 wins & 24 nominations.,https://images-na.ssl-images-amazon.com/images/M/MV5BYWRkNGJhMmEtMWM3Ni00MDc3LThhMTQtMWI2OTMxYmE5MTZhXkEyXkFqcGdeQXVyNTAyODkwOQ@@._V1_SX300.jpg,Internet Movie Database,8.2/10,86,8.2,232188,tt0071315,movie,4,23-Nov-99,N/A,Paramount Pictures,N/A,TRUE
100,On the Waterfront,1954,APPROVED,22-Jun-54,108 min,English,USA,Won 8 Oscars. Another 21 wins & 9 nominations.,https://images-na.ssl-images-amazon.com/images/M/MV5BMjFiZDg3MDgtOTdiNC00ZGFiLWIyN2ItNDhkNGI5ZThkOTE3XkEyXkFqcGdeQXVyNjc1NTYyMjg@._V1_SX300.jpg,Internet Movie Database,8.2/10,88,8.2,109591,tt0047296,movie,6,23-Oct-01,N/A,Sony Pictures,N/A,TRUE
101,Mr. Smith Goes to Washington,1939,NOT RATED,19-Oct-39,129 min,English,USA,Won 1 Oscar. Another 4 wins & 11 nominations.,https://images-na.ssl-images-amazon.com/images/M/MV5BZTYwYjYxYzgtMDE1Ni00NzU4LWJlMTEtODQ5YmJmMGJhZjI5L2ltYWdlXkEyXkFqcGdeQXVyMDI2NDg0NQ@@._V1_SX300.jpg,Internet Movie Database,8.2/10,N/A,8.2,83328,tt0031679,movie,12,21-Aug-07,N/A,ITVS,http://www.mrsmithmovie.com/,TRUE
102,The General,1926,UNRATED,24-Feb-27,67 min,English,USA,2 wins & 1 nomination.,https://images-na.ssl-images-amazon.com/images/M/MV5BODQxMzMyNTY5Nl5BMl5BanBnXkFtZTcwMDMyNTk3OA@@._V1_SX300.jpg,Internet Movie Database,8.2/10,N/A,8.2,58327,tt0017925,movie,4,26-Oct-99,N/A,United Artists Films,N/A,TRUE
103,Inside Out,2015,PG,19-Jun-15,95 min,English,USA,Won 1 Oscar. Another 92 wins & 104 nominations.,https://images-na.ssl-images-amazon.com/images/M/MV5BOTgxMDQwMDk0OF5BMl5BanBnXkFtZTgwNjU5OTg2NDE@._V1_SX300.jpg,Internet Movie Database,8.2/10,94,8.2,421211,tt2096673,movie,20,3-Nov-15,"$264,317,903",Disney/Pixar,https://www.facebook.com/PixarInsideOut,TRUE
104,The Bridge on the River Kwai,1957,PG,14-Dec-57,161 min,"English, Japanese, Thai","UK, USA",Won 7 Oscars. Another 23 wins & 7 nominations.,https://images-na.ssl-images-amazon.com/images/M/MV5BZTZmNjgyZmUtOTI2MC00MDI4LWJjOTgtNjc2YTc4YTk0ZWJjL2ltYWdlL2ltYWdlXkEyXkFqcGdeQXVyNjc1NTYyMjg@._V1_SX300.jpg,Internet Movie Database,8.2/10,N/A,8.2,161564,tt0050212,movie,5,21-Nov-00,N/A,Columbia Pictures,N/A,TRUE
105,Room,2015,R,22-Jan-16,118 min,English,"Ireland, Canada, UK, USA",Won 1 Oscar. Another 102 wins & 132 nominations.,https://images-na.ssl-images-amazon.com/images/M/MV5BMjE4NzgzNzEwMl5BMl5BanBnXkFtZTgwMTMzMDE0NjE@._V1_SX300.jpg,Internet Movie Database,8.2/10,86,8.2,226372,tt3170832,movie,21,1-Mar-16,"$14,677,654",Element Pictures,http://www.lahabitacion.com.ar/,TRUE
106,La La Land,2016,PG-13,25-Dec-16,128 min,English,USA,Won 6 Oscars. Another 197 wins & 243 nominations.,https://images-na.ssl-images-amazon.com/images/M/MV5BMzUzNDM2NzM2MV5BMl5BanBnXkFtZTgwNTM3NTg4OTE@._V1_SX300.jpg,Internet Movie Database,8.2/10,93,8.2,272059,tt3783958,movie,22,25-Apr-17,"$151,058,124",Liongate Films,http://www.lalaland.movie/,TRUE
107,Logan,2017,R,3-Mar-17,137 min,"English, Spanish","USA, Canada, Australia",1 win & 2 nominations.,https://images-na.ssl-images-amazon.com/images/M/MV5BMjQwODQwNTg4OV5BMl5BanBnXkFtZTgwMTk4MTAzMjI@._V1_SX300.jpg,Internet Movie Database,8.3/10,77,8.3,316354,tt3315342,movie,22,23-May-17,"$226,252,579",20th Century Fox,http://www.foxmovies.com/movies/logan,TRUE
108,Blade Runner,1982,R,25-Jun-82,117 min,"English, German, Cantonese, Japanese, Hungarian","USA, Hong Kong, UK",Nominated for 2 Oscars. Another 11 wins & 16 nominations.,https://images-na.ssl-images-amazon.com/images/M/MV5BNzQzMzJhZTEtOWM4NS00MTdhLTg0YjgtMjM4MDRkZjUwZDBlXkEyXkFqcGdeQXVyNjU0OTQ0OTY@._V1_SX300.jpg,Internet Movie Database,8.2/10,89,8.2,499344,tt0083658,movie,2,27-Aug-97,N/A,Warner Bros. Pictures,N/A,TRUE
109,"Lock, Stock and Two Smoking Barrels",1998,R,28-Aug-98,107 min,English,UK,Nominated for 1 BAFTA Film Award. Another 13 wins & 7 nominations.,https://images-na.ssl-images-amazon.com/images/M/MV5BMTAyN2JmZmEtNjAyMy00NzYwLThmY2MtYWQ3OGNhNjExMmM4XkEyXkFqcGdeQXVyNDk3NzU2MTQ@._V1_SX300.jpg,Internet Movie Database,8.2/10,66,8.2,442704,tt0120735,movie,4,31-Aug-99,N/A,Gramercy Pictures,N/A,TRUE
110,Casino,1995,R,22-Nov-95,178 min,English,"France, USA",Nominated for 1 Oscar. Another 3 wins & 9 nominations.,https://images-na.ssl-images-amazon.com/images/M/MV5BMTcxOWYzNDYtYmM4YS00N2NkLTk0NTAtNjg1ODgwZjAxYzI3XkEyXkFqcGdeQXVyNTA4NzY1MzY@._V1_SX300.jpg,Internet Movie Database,8.2/10,73,8.2,360941,tt0112641,movie,3,24-Feb-98,N/A,Universal Pictures,N/A,TRUE
111,A Beautiful Mind,2001,PG-13,4-Jan-02,135 min,English,USA,Won 4 Oscars. Another 33 wins & 65 nominations.,https://images-na.ssl-images-amazon.com/images/M/MV5BMzcwYWFkYzktZjAzNC00OGY1LWI4YTgtNzc5MzVjMDVmNjY0XkEyXkFqcGdeQXVyMTQxNzMzNDI@._V1_SX300.jpg,Internet Movie Database,8.2/10,72,8.2,667901,tt0268978,movie,7,25-Jun-02,N/A,Universal Pictures,http://www.abeautifulmind.com,TRUE
112,The Elephant Man,1980,PG,10-Oct-80,124 min,English,"USA, UK",Nominated for 8 Oscars. Another 10 wins & 14 nominations.,https://images-na.ssl-images-amazon.com/images/M/MV5BMDVjNjIwOGItNDE3Ny00OThjLWE0NzQtZTU3YjMzZTZjMzhkXkEyXkFqcGdeQXVyMTQxNzMzNDI@._V1_SX300.jpg,Internet Movie Database,8.2/10,N/A,8.2,174583,tt0080678,movie,6,11-Dec-01,N/A,Paramount,N/A,TRUE
113,Warrior,2011,PG-13,9-Sep-11,140 min,"English, Spanish",USA,Nominated for 1 Oscar. Another 6 wins & 20 nominations.,https://images-na.ssl-images-amazon.com/images/M/MV5BMTk4ODk5MTMyNV5BMl5BanBnXkFtZTcwMDMyNTg0Ng@@._V1_SX300.jpg,Internet Movie Database,8.2/10,71,8.2,358261,tt1291584,movie,16,20-Dec-11,"$13,600,000",Lionsgate,http://www.WarriorFilm.com,TRUE
114,V for Vendetta,2005,R,17-Mar-06,132 min,English,"USA, UK, Germany",7 wins & 27 nominations.,https://images-na.ssl-images-amazon.com/images/M/MV5BYzllMjJkODAtYjMwMi00YmNhLWFhYzAtZjZjODg5YzEwOGUwXkEyXkFqcGdeQXVyNjU0OTQ0OTY@._V1_SX300.jpg,Internet Movie Database,8.2/10,62,8.2,849623,tt0434409,movie,11,1-Aug-06,"$70,500,000",Warner Bros. Pictures,http://vforvendetta.warnerbros.com/,TRUE
115,The Wolf of Wall Street,2013,R,25-Dec-13,180 min,"English, French",USA,Nominated for 5 Oscars. Another 38 wins & 165 nominations.,https://images-na.ssl-images-amazon.com/images/M/MV5BMjIxMjgxNTk0MF5BMl5BanBnXkFtZTgwNjIyOTg2MDE@._V1_SX300.jpg,Internet Movie Database,8.2/10,75,8.2,874371,tt0993846,movie,19,25-Mar-14,"$91,330,760",Paramount Studios,http://www.thewolfofwallstreet.com/,TRUE
116,Dial M for Murder,1954,PG,29-May-54,105 min,English,USA,Nominated for 1 BAFTA Film Award. Another 3 wins & 2 nominations.,https://images-na.ssl-images-amazon.com/images/M/MV5BOWIwODIxYWItZDI4MS00YzhhLWE3MmYtMzlhZDIwOTMzZmE5L2ltYWdlXkEyXkFqcGdeQXVyNjc1NTYyMjg@._V1_SX300.jpg,Internet Movie Database,8.2/10,N/A,8.2,116207,tt0046912,movie,9,7-Sep-04,N/A,Warner Bros. Pictures,N/A,TRUE
117,Hacksaw Ridge,2016,R,4-Nov-16,139 min,"English, Japanese","Australia, USA",Won 2 Oscars. Another 37 wins & 95 nominations.,https://images-na.ssl-images-amazon.com/images/M/MV5BMjQ1NjM3MTUxNV5BMl5BanBnXkFtZTgwMDc5MTY5OTE@._V1_SX300.jpg,Internet Movie Database,8.2/10,71,8.2,221901,tt2119532,movie,22,21-Feb-17,"$67,115,062",Summit Entertainment,http://www.hacksawridge.movie/,TRUE
118,Gone with the Wind,1939,G,17-Jan-40,238 min,English,USA,Won 8 Oscars. Another 10 wins & 9 nominations.,https://images-na.ssl-images-amazon.com/images/M/MV5BYWQwOWVkMGItMDU2Yy00YjIzLWJkMjEtNmVkZjE3MjMwYzEzXkEyXkFqcGdeQXVyNjU0OTQ0OTY@._V1_SX300.jpg,Internet Movie Database,8.2/10,97,8.2,230951,tt0031381,movie,5,7-Mar-00,N/A,Loew's Inc.,http://warnervideo.com/gonewiththewind/,TRUE
119,The Message,1976,PG,8-Jul-77,177 min,"English, Arabic","Lebanon, Libya, Kuwait, Morocco, UK",N/A,https://images-na.ssl-images-amazon.com/images/M/MV5BMjk3YjJmYTctMTAzZC00MzE4LWFlZGMtNDM5OTMyMDEzZWIxXkEyXkFqcGdeQXVyNTI4MjkwNjA@._V1_SX300.jpg,Internet Movie Database,8.3/10,N/A,8.3,36301,tt0074896,movie,10,1-Nov-05,N/A,Anchor Bay Entertainment,N/A,TRUE
120,Rebecca,1940,APPROVED,12-Apr-40,130 min,"English, French",USA,Won 2 Oscars. Another 4 wins & 10 nominations.,https://images-na.ssl-images-amazon.com/images/M/MV5BYTcxYWExOTMtMWFmYy00ZjgzLWI0YjktNWEzYzJkZTg0NDdmL2ltYWdlXkEyXkFqcGdeQXVyNjc1NTYyMjg@._V1_SX300.jpg,Internet Movie Database,8.2/10,N/A,8.2,94586,tt0032976,movie,6,13-Mar-01,N/A,United Artists,N/A,TRUE
121,Trainspotting,1996,R,9-Aug-96,94 min,English,UK,Nominated for 1 Oscar. Another 23 wins & 32 nominations.,https://images-na.ssl-images-amazon.com/images/M/MV5BMzA5Zjc3ZTMtMmU5YS00YTMwLWI4MWUtYTU0YTVmNjVmODZhXkEyXkFqcGdeQXVyNjU0OTQ0OTY@._V1_SX300.jpg,Internet Movie Database,8.2/10,83,8.2,517568,tt0117951,movie,3,24-Mar-98,N/A,Miramax Films,http://www.miramax.com/movie/trainspotting/,TRUE
122,The Deer Hunter,1978,R,23-Feb-79,183 min,"English, Russian, Vietnamese, French","USA, UK",Won 5 Oscars. Another 17 wins & 26 nominations.,https://images-na.ssl-images-amazon.com/images/M/MV5BNjMxZWIyYzQtNjYzNy00NTk1LTg3ZDEtZDRmZmMxYmY4YmVjXkEyXkFqcGdeQXVyNjU0OTQ0OTY@._V1_SX300.jpg,Internet Movie Database,8.2/10,81,8.2,249067,tt0077416,movie,10,6-Sep-05,N/A,Universal Pictures,N/A,TRUE
123,Cool Hand Luke,1967,PG,1-Nov-67,126 min,English,USA,Won 1 Oscar. Another 3 wins & 9 nominations.,https://images-na.ssl-images-amazon.com/images/M/MV5BOWFlNzZhYmYtYTI5YS00MDQyLWIyNTUtNTRjMWUwNTEzNjA0XkEyXkFqcGdeQXVyNjUwNzk3NDc@._V1_SX300.jpg,Internet Movie Database,8.2/10,N/A,8.2,128345,tt0061512,movie,2,3-Nov-97,N/A,Warner Bros.,N/A,TRUE
124,Gran Torino,2008,R,9-Jan-09,116 min,"English, Hmong","Germany, USA",Nominated for 1 Golden Globe. Another 20 wins & 17 nominations.,https://images-na.ssl-images-amazon.com/images/M/MV5BMTQyMTczMTAxMl5BMl5BanBnXkFtZTcwOTc1ODE0Mg@@._V1_SX300.jpg,Internet Movie Database,8.2/10,72,8.2,598907,tt1205489,movie,14,9-Jun-09,"$148,055,047",Warner Bros. Pictures/Village Roadshow,http://www.thegrantorino.com/,TRUE
125,The Thing,1982,R,25-Jun-82,109 min,"English, Norwegian",USA,3 nominations.,https://images-na.ssl-images-amazon.com/images/M/MV5BNDcyZmFjY2YtN2I1OC00MzU3LWIzZGEtZDA5N2VlNDJjYWI3L2ltYWdlXkEyXkFqcGdeQXVyNTAyODkwOQ@@._V1_SX300.jpg,Internet Movie Database,8.2/10,57,8.2,281843,tt0084787,movie,6,28-Aug-01,N/A,Universal Pictures,http://www.theofficialjohncarpenter.com/pages/themovies/th/th.html,TRUE
126,It Happened One Night,1934,UNRATED,22-Feb-34,105 min,English,USA,Won 5 Oscars. Another 5 wins & 1 nomination.,https://images-na.ssl-images-amazon.com/images/M/MV5BZmViYmM5OTYtNGQ4Ny00YjQyLThiNjEtYTE4MGZhZTNmZjcyL2ltYWdlL2ltYWdlXkEyXkFqcGdeQXVyNjU0OTQ0OTY@._V1_SX300.jpg,Internet Movie Database,8.2/10,N/A,8.2,70807,tt0025316,movie,4,28-Dec-99,N/A,Sony Pictures Home Entertainment,N/A,TRUE
127,Fargo,1996,R,5-Apr-96,98 min,English,"USA, UK",Won 2 Oscars. Another 79 wins & 59 nominations.,https://images-na.ssl-images-amazon.com/images/M/MV5BMTgxNzY3MzUxOV5BMl5BanBnXkFtZTcwMDA0NjMyNA@@._V1_SX300.jpg,Internet Movie Database,8.1/10,85,8.1,490860,tt0116282,movie,2,24-Jun-97,N/A,MGM,http://www.mgm.com/title_title.do?title_star=FARGO,TRUE
128,The Sixth Sense,1999,PG-13,6-Aug-99,107 min,"English, Latin, Spanish",USA,Nominated for 6 Oscars. Another 32 wins & 47 nominations.,https://images-na.ssl-images-amazon.com/images/M/MV5BMWM4NTFhYjctNzUyNi00NGMwLTk3NTYtMDIyNTZmMzRlYmQyXkEyXkFqcGdeQXVyMTAwMzUyOTc@._V1_SX300.jpg,Internet Movie Database,8.1/10,64,8.1,754842,tt0167404,movie,5,28-Mar-00,N/A,Hollywood/Buena Vista,http://movies.go.com/moviesdynamic/movies/movie?id=505420,TRUE
129,Finding Nemo,2003,G,30-May-03,100 min,English,USA,Won 1 Oscar. Another 49 wins & 64 nominations.,https://images-na.ssl-images-amazon.com/images/M/MV5BZTAzNWZlNmUtZDEzYi00ZjA5LWIwYjEtZGM1NWE1MjE4YWRhXkEyXkFqcGdeQXVyNjU0OTQ0OTY@._V1_SX300.jpg,Internet Movie Database,8.1/10,90,8.1,756517,tt0266543,movie,18,7-May-13,"$380,529,370",Walt Disney Pictures,http://disney.go.com/disneyvideos/animatedfilms/findingnemo/index2.html,TRUE
130,Mary and Max,2009,NOT RATED,9-Apr-09,92 min,"English, Yiddish",Australia,4 wins & 9 nominations.,https://images-na.ssl-images-amazon.com/images/M/MV5BMDgzYjQwMDMtNGUzYi00MTRmLWIyMGMtNjE1OGZkNzY2YWIzL2ltYWdlXkEyXkFqcGdeQXVyNjU0OTQ0OTY@._V1_SX300.jpg,Internet Movie Database,8.2/10,N/A,8.2,129873,tt0978762,movie,15,15-Jun-10,N/A,IFC Films,http://www.maryandmax.com/,TRUE
131,No Country for Old Men,2007,R,21-Nov-07,122 min,"English, Spanish",USA,Won 4 Oscars. Another 156 wins & 132 nominations.,https://images-na.ssl-images-amazon.com/images/M/MV5BMjA5Njk3MjM4OV5BMl5BanBnXkFtZTcwMTc5MTE1MQ@@._V1_SX300.jpg,Internet Movie Database,8.1/10,91,8.1,666081,tt0477348,movie,14,7-Apr-09,"$74,223,625",Miramax Films,http://www.nocountryforoldmen-themovie.com,TRUE
132,How to Train Your Dragon,2010,PG,26-Mar-10,98 min,English,USA,Nominated for 2 Oscars. Another 26 wins & 61 nominations.,https://images-na.ssl-images-amazon.com/images/M/MV5BMjA5NDQyMjc2NF5BMl5BanBnXkFtZTcwMjg5ODcyMw@@._V1_SX300.jpg,Internet Movie Database,8.1/10,74,8.1,528657,tt0892769,movie,15,15-Oct-10,"$216,900,000",Paramount/DWA,http://www.HowToTrainYourDragon.com/,TRUE
133,There Will Be Blood,2007,R,25-Jan-08,158 min,"English, American Sign Language",USA,Won 2 Oscars. Another 106 wins & 135 nominations.,https://images-na.ssl-images-amazon.com/images/M/MV5BMjAxODQ4MDU5NV5BMl5BanBnXkFtZTcwMDU4MjU1MQ@@._V1_SX300.jpg,Internet Movie Database,8.1/10,92,8.1,402281,tt0469494,movie,13,8-Apr-08,"$40,133,435",Paramount Vantage,http://www.therewillbeblood.com,TRUE
134,Into the Wild,2007,R,19-Oct-07,148 min,"English, Danish",USA,Nominated for 2 Oscars. Another 23 wins & 99 nominations.,https://images-na.ssl-images-amazon.com/images/M/MV5BMTAwNDEyODU1MjheQTJeQWpwZ15BbWU2MDc3NDQwNw@@._V1_SX300.jpg,Internet Movie Database,8.1/10,73,8.1,461312,tt0758758,movie,13,4-Mar-08,"$18,173,360",Paramount Vantage,http://www.intothewild.com/,TRUE
135,Kill Bill: Vol. 1,2003,R,10-Oct-03,111 min,"English, Japanese, French",USA,Nominated for 1 Golden Globe. Another 27 wins & 99 nominations.,https://images-na.ssl-images-amazon.com/images/M/MV5BMTU1NDg1Mzg4M15BMl5BanBnXkFtZTYwMDExOTc3._V1_SX300.jpg,Internet Movie Database,8.1/10,69,8.1,791579,tt0266697,movie,9,13-Apr-04,N/A,Miramax Films,http://www.kill-bill.com/,TRUE
136,Gone Girl,2014,R,3-Oct-14,149 min,English,USA,Nominated for 1 Oscar. Another 64 wins & 176 nominations.,https://images-na.ssl-images-amazon.com/images/M/MV5BMTk0MDQ3MzAzOV5BMl5BanBnXkFtZTgwNzU1NzE3MjE@._V1_SX300.jpg,Internet Movie Database,8.1/10,79,8.1,640332,tt2267998,movie,20,13-Jan-15,N/A,20th Century Fox,http://www.findamazingamy.com/,TRUE
137,Life of Brian,1979,R,17-Aug-79,94 min,"English, Latin",UK,N/A,https://images-na.ssl-images-amazon.com/images/M/MV5BMzAwNjU1OTktYjY3Mi00NDY5LWFlZWUtZjhjNGE0OTkwZDkwXkEyXkFqcGdeQXVyMTQxNzMzNDI@._V1_SX300.jpg,Internet Movie Database,8.1/10,75,8.1,291865,tt0079470,movie,4,30-Apr-99,N/A,Warner Bros. Pictures,http://www.pythonline.com,TRUE
138,Network,1976,R,27-Nov-76,121 min,English,USA,Won 4 Oscars. Another 15 wins & 25 nominations.,https://images-na.ssl-images-amazon.com/images/M/MV5BYTc3NjcyYmYtMTI4OC00OGViLTkwYzQtZWU2MGMwMTI5ZTU4XkEyXkFqcGdeQXVyNTc1NTQxODI@._V1_SX300.jpg,Internet Movie Database,8.1/10,88,8.1,111892,tt0074958,movie,5,16-May-00,N/A,MGM/United Artists,N/A,TRUE
139,Shutter Island,2010,R,19-Feb-10,138 min,"English, German",USA,8 wins & 62 nominations.,https://images-na.ssl-images-amazon.com/images/M/MV5BY2NkNTcxNjAtODhjMS00Mjg2LWI1OGItMjRhMGJlODBkZTVlL2ltYWdlL2ltYWdlXkEyXkFqcGdeQXVyNzAxMjE1NDg@._V1_SX300.jpg,Internet Movie Database,8.1/10,63,8.1,862078,tt1130884,movie,15,8-Jun-10,"$125,001,000",Paramount Studios,http://www.shutterisland.com/,TRUE
140,In the Name of the Father,1993,R,25-Feb-94,133 min,English,"Ireland, UK, USA",Nominated for 7 Oscars. Another 7 wins & 21 nominations.,https://images-na.ssl-images-amazon.com/images/M/MV5BMWQ0ZGU3NDUtYjRkNS00Yzg4LTgxMTItMjExYjg3ZjgyMGRkXkEyXkFqcGdeQXVyNjU0OTQ0OTY@._V1_SX300.jpg,Internet Movie Database,8.1/10,84,8.1,119905,tt0107207,movie,3,7-Jul-98,N/A,Universal Pictures,N/A,TRUE
141,Rush,2013,R,27-Sep-13,123 min,"English, German, Italian, French, Spanish","UK, Germany, USA",Nominated for 2 Golden Globes. Another 6 wins & 62 nominations.,https://images-na.ssl-images-amazon.com/images/M/MV5BOWEwODJmZDItYTNmZC00OGM4LThlNDktOTQzZjIzMGQxODA4XkEyXkFqcGdeQXVyNjU0OTQ0OTY@._V1_SX300.jpg,Internet Movie Database,8.1/10,75,8.1,341336,tt1979320,movie,19,28-Jan-14,"$22,442,876",Universal Pictures,http://www.rushmovie.com/,TRUE
142,Hotel Rwanda,2004,PG-13,4-Feb-05,121 min,"English, French","UK, South Africa, Italy",Nominated for 3 Oscars. Another 16 wins & 45 nominations.,https://images-na.ssl-images-amazon.com/images/M/MV5BMTI2MzQyNTc1M15BMl5BanBnXkFtZTYwMjExNjc3._V1_SX300.jpg,Internet Movie Database,8.1/10,79,8.1,282079,tt0395169,movie,10,12-Apr-05,"$23,472,900",MGM,http://www.hotelrwanda.com/,TRUE
143,Platoon,1986,R,6-Feb-87,120 min,"English, Vietnamese","UK, USA",Won 4 Oscars. Another 19 wins & 14 nominations.,https://images-na.ssl-images-amazon.com/images/M/MV5BZmJlOTE1ZTgtODdmNC00NmZhLThlZDYtNTllMmIyOTIwN2EwL2ltYWdlL2ltYWdlXkEyXkFqcGdeQXVyMTQxNzMzNDI@._V1_SX300.jpg,Internet Movie Database,8.1/10,92,8.1,311879,tt0091763,movie,2,9-Dec-97,N/A,Orion Pictures,N/A,TRUE
144,Song of the Sea,2014,PG,10-Dec-14,93 min,"English, Irish, Scottish Gaelic","Ireland, Denmark, Belgium, Luxembourg, France",Nominated for 1 Oscar. Another 11 wins & 21 nominations.,https://images-na.ssl-images-amazon.com/images/M/MV5BNGEyYjE3NmItOGY1OS00ZTQ0LWI3YzQtNjZiYmQzMTFiNTk4XkEyXkFqcGdeQXVyNjU0OTQ0OTY@._V1_SX300.jpg,Internet Movie Database,8.1/10,85,8.1,33478,tt1865505,movie,20,17-Mar-15,N/A,GKIDS,http://www.facebook.com/songoftheseamovie,TRUE
145,Ben-Hur,1959,G,29-Jan-60,212 min,English,USA,Won 11 Oscars. Another 16 wins & 13 nominations.,https://images-na.ssl-images-amazon.com/images/M/MV5BNjgxY2JiZDYtZmMwOC00ZmJjLWJmODUtMTNmNWNmYWI5ODkwL2ltYWdlL2ltYWdlXkEyXkFqcGdeQXVyNjc1NTYyMjg@._V1_SX300.jpg,Internet Movie Database,8.1/10,90,8.1,175529,tt0052618,movie,10,13-Sep-05,N/A,MGM,N/A,TRUE
146,Stand by Me,1986,R,22-Aug-86,89 min,English,USA,Nominated for 1 Oscar. Another 4 wins & 11 nominations.,https://images-na.ssl-images-amazon.com/images/M/MV5BMjIxODliZDYtMGMyYy00ZDQzLTgzOTMtMWY5YWEyNTBhNzk5L2ltYWdlL2ltYWdlXkEyXkFqcGdeQXVyMTQxNzMzNDI@._V1_SX300.jpg,Internet Movie Database,8.1/10,75,8.1,292157,tt0092005,movie,5,29-Aug-00,N/A,MCA Universal Home Video,N/A,TRUE
147,Hachi: A Dog's Tale,2009,G,12-Mar-10,93 min,"English, Japanese","UK, USA",1 nomination.,https://images-na.ssl-images-amazon.com/images/M/MV5BYTNhZDFkN2ItMmZjNy00ODUwLTk1Y2MtMDZhYTA2N2MyNDU5XkEyXkFqcGdeQXVyMTMxODk2OTU@._V1_SX300.jpg,Internet Movie Database,8.1/10,N/A,8.1,179414,tt1028532,movie,15,9-Mar-10,N/A,Inferno Entertainment,http://www.hachithemovie.com/,TRUE
148,Kind Hearts and Coronets,1949,APPROVED,14-Jun-50,106 min,English,UK,Nominated for 1 BAFTA Film Award. Another 3 wins & 2 nominations.,https://images-na.ssl-images-amazon.com/images/M/MV5BNjI5N2Y4YWEtYThmOC00ODA0LTlhMGYtNmE3MmVmNjNhYWQyXkEyXkFqcGdeQXVyMDI2NDg0NQ@@._V1_SX300.jpg,Internet Movie Database,8.1/10,N/A,8.1,29245,tt0041546,movie,7,10-Sep-02,N/A,Ealing Studios,N/A,TRUE
149,The Maltese Falcon,1941,APPROVED,18-Oct-41,100 min,English,USA,Nominated for 3 Oscars. Another 4 wins.,https://images-na.ssl-images-amazon.com/images/M/MV5BMTc4MDEzOTMwMl5BMl5BanBnXkFtZTgwMTc2NjgyMjE@._V1_SX300.jpg,Internet Movie Database,8.1/10,N/A,8.1,122177,tt0033870,movie,5,15-Feb-00,N/A,Warner Bros.,N/A,TRUE
150,Butch Cassidy and the Sundance Kid,1969,PG,24-Oct-69,110 min,"English, Spanish",USA,Won 4 Oscars. Another 16 wins & 14 nominations.,https://images-na.ssl-images-amazon.com/images/M/MV5BMTkyMTM2NDk5Nl5BMl5BanBnXkFtZTgwNzY1NzEyMDE@._V1_SX300.jpg,Internet Movie Database,8.1/10,58,8.1,163664,tt0064115,movie,5,16-May-00,N/A,20th Century Fox,N/A,TRUE
151,The Legend of 1900,1998,R,28-Oct-98,165 min,"English, French",Italy,Won 1 Golden Globe. Another 21 wins & 8 nominations.,https://images-na.ssl-images-amazon.com/images/M/MV5BMTA3MTcxNjE0NzNeQTJeQWpwZ15BbWU4MDc3NjUxNDAx._V1_SX300.jpg,Internet Movie Database,8.1/10,58,8.1,44192,tt0120731,movie,7,4-Jun-02,N/A,Fine Line Features,N/A,TRUE
152,Spotlight,2015,R,20-Nov-15,128 min,English,"USA, Canada",Won 2 Oscars. Another 115 wins & 134 nominations.,https://images-na.ssl-images-amazon.com/images/M/MV5BMjIyOTM5OTIzNV5BMl5BanBnXkFtZTgwMDkzODE2NjE@._V1_SX300.jpg,Internet Movie Database,8.1/10,93,8.1,274216,tt1895587,movie,21,23-Feb-16,N/A,Open Road Films,http://SpotlightTheFilm.com,TRUE
153,Brief Encounter,1945,NOT RATED,24-Aug-46,86 min,English,UK,Nominated for 3 Oscars. Another 3 wins.,https://images-na.ssl-images-amazon.com/images/M/MV5BYWQ0MGNjOTYtMWJlNi00YWMxLWFmMzktYjAyNTVkY2U1NWNhL2ltYWdlL2ltYWdlXkEyXkFqcGdeQXVyNjc1NTYyMjg@._V1_SX300.jpg,Internet Movie Database,8.1/10,N/A,8.1,28038,tt0037558,movie,9,7-Sep-04,N/A,Universal Pictures,N/A,TRUE
154,The Best Years of Our Lives,1946,PASSED,17-Jun-47,170 min,English,USA,Won 7 Oscars. Another 13 wins & 2 nominations.,https://images-na.ssl-images-amazon.com/images/M/MV5BY2RmNTRjYzctODI4Ni00MzQyLWEyNTAtNjU0N2JkMTNhNjJkXkEyXkFqcGdeQXVyNjU0OTQ0OTY@._V1_SX300.jpg,Internet Movie Database,8.1/10,N/A,8.1,43479,tt0036868,movie,2,30-Oct-97,N/A,RKO Radio Pictures,N/A,TRUE
155,The Grapes of Wrath,1940,APPROVED,15-Mar-40,129 min,English,USA,Won 2 Oscars. Another 9 wins & 5 nominations.,https://images-na.ssl-images-amazon.com/images/M/MV5BNzJiOGI2MjctYjUyMS00ZjkzLWE2ZmUtOTg4NTZkOTNhZDc1L2ltYWdlXkEyXkFqcGdeQXVyNjc1NTYyMjg@._V1_SX300.jpg,Internet Movie Database,8.1/10,N/A,8.1,68128,tt0032551,movie,9,6-Apr-04,N/A,Twentieth Century Fox Home Entertainment,N/A,TRUE
156,12 Years a Slave,2013,R,8-Nov-13,134 min,English,"USA, UK",Won 3 Oscars. Another 235 wins & 326 nominations.,https://images-na.ssl-images-amazon.com/images/M/MV5BMjExMTEzODkyN15BMl5BanBnXkFtZTcwNTU4NTc4OQ@@._V1_SX300.jpg,Internet Movie Database,8.1/10,96,8.1,490387,tt2024544,movie,19,4-Mar-14,"$50,628,650",Fox Searchlight,http://www.foxsearchlight.com/12yearsaslave/,TRUE
157,The Grand Budapest Hotel,2014,R,28-Mar-14,99 min,"English, French","USA, Germany",Won 4 Oscars. Another 127 wins & 217 nominations.,https://images-na.ssl-images-amazon.com/images/M/MV5BMzM5NjUxOTEyMl5BMl5BanBnXkFtZTgwNjEyMDM0MDE@._V1_SX300.jpg,Internet Movie Database,8.1/10,88,8.1,537323,tt2278388,movie,19,17-Jun-14,"$56,939,515",Fox Searchlight,http://www.grandbudapesthotel.com/,TRUE
158,Mad Max: Fury Road,2015,R,15-May-15,120 min,"English, Russian","Australia, USA",Won 6 Oscars. Another 231 wins & 208 nominations.,https://images-na.ssl-images-amazon.com/images/M/MV5BMTUyMTE0ODcxNF5BMl5BanBnXkFtZTgwODE4NDQzNTE@._V1_SX300.jpg,Internet Movie Database,8.1/10,90,8.1,638510,tt1392190,movie,20,1-Sep-15,"$129,483,877",Warner Bros.,http://www.madmaxmovie.com/,TRUE
159,The Princess Bride,1987,PG,9-Oct-87,98 min,English,USA,Nominated for 1 Oscar. Another 7 wins & 8 nominations.,https://images-na.ssl-images-amazon.com/images/M/MV5BMGM4M2Q5N2MtNThkZS00NTc1LTk1NTItNWEyZjJjNDRmNDk5XkEyXkFqcGdeQXVyMjA0MDQ0Mjc@._V1_SX300.jpg,Internet Movie Database,8.1/10,77,8.1,314262,tt0093779,movie,4,26-Jan-99,N/A,20th Century Fox,http://www.theprincessbride-themovie.com/,TRUE
160,What Ever Happened to Baby Jane?,1962,APPROVED,N/A,134 min,English,USA,Won 1 Oscar. Another 1 win & 11 nominations.,https://images-na.ssl-images-amazon.com/images/M/MV5BZmI0M2VmNTgtMWVhYS00Zjg1LTk1YTYtNmJmMjRkZmMwYTc2XkEyXkFqcGdeQXVyNTA4NzY1MzY@._V1_SX300.jpg,Internet Movie Database,8.1/10,N/A,8.1,37689,tt0056687,movie,2,25-Sep-97,N/A,Warner Bros. Pictures,N/A,TRUE
161,Million Dollar Baby,2004,PG-13,28-Jan-05,132 min,"English, Irish",USA,Won 4 Oscars. Another 63 wins & 83 nominations.,https://images-na.ssl-images-amazon.com/images/M/MV5BMTkxNzA1NDQxOV5BMl5BanBnXkFtZTcwNTkyMTIzMw@@._V1_SX300.jpg,Internet Movie Database,8.1/10,86,8.1,519405,tt0405159,movie,10,12-Jul-05,"$100,422,786",Warner Bros. Pictures,http://milliondollarbabymovie.warnerbros.com/,TRUE
162,Jurassic Park,1993,PG-13,11-Jun-93,127 min,"English, Spanish",USA,Won 3 Oscars. Another 28 wins & 17 nominations.,https://images-na.ssl-images-amazon.com/images/M/MV5BMjM2MDgxMDg0Nl5BMl5BanBnXkFtZTgwNTM2OTM5NDE@._V1_SX300.jpg,Internet Movie Database,8.1/10,68,8.1,670652,tt0107290,movie,5,10-Oct-00,"$45,299,680",Universal City Studios,http://www.jurassicpark.com/maingate_flash.html,TRUE
163,Touch of Evil,1958,PG-13,1-Feb-58,95 min,"English, Spanish",USA,6 wins & 1 nomination.,https://images-na.ssl-images-amazon.com/images/M/MV5BMDFkMDEwM2MtOWY4MS00YWNhLTg5ZWItYzAxZTJlN2Y1NjBmXkEyXkFqcGdeQXVyNjc1NTYyMjg@._V1_SX300.jpg,Internet Movie Database,8.1/10,N/A,8.1,78182,tt0052311,movie,5,31-Oct-00,N/A,October Films,N/A,TRUE
164,Before Sunrise,1995,R,27-Jan-95,101 min,"English, German, French","USA, Austria, Switzerland",1 win & 7 nominations.,https://images-na.ssl-images-amazon.com/images/M/MV5BZDdiZTAwYzAtMDI3Ni00OTRjLTkzN2UtMGE3MDMyZmU4NTU4XkEyXkFqcGdeQXVyNjU0OTQ0OTY@._V1_SX300.jpg,Internet Movie Database,8.1/10,77,8.1,202165,tt0112471,movie,4,30-Nov-99,N/A,Sony Pictures Home Entertainment,N/A,TRUE
165,The Truman Show,1998,PG,5-Jun-98,103 min,English,USA,Nominated for 3 Oscars. Another 38 wins & 66 nominations.,https://images-na.ssl-images-amazon.com/images/M/MV5BMDIzODcyY2EtMmY2MC00ZWVlLTgwMzAtMjQwOWUyNmJjNTYyXkEyXkFqcGdeQXVyNDk3NzU2MTQ@._V1_SX300.jpg,Internet Movie Database,8.1/10,90,8.1,724665,tt0120382,movie,4,26-Jan-99,N/A,Paramount Pictures,N/A,TRUE
166,Harry Potter and the Deathly Hallows: Part 2,2011,PG-13,15-Jul-11,130 min,English,"USA, UK",Nominated for 3 Oscars. Another 45 wins & 92 nominations.,https://images-na.ssl-images-amazon.com/images/M/MV5BMTY2MTk3MDQ1N15BMl5BanBnXkFtZTcwMzI4NzA2NQ@@._V1_SX300.jpg,Internet Movie Database,8.1/10,87,8.1,594362,tt1201607,movie,16,11-Nov-11,"$381,000,185",Warner Bros. Pictures,http://www.HarryPotter.com/,TRUE
167,Star Wars: The Force Awakens,2015,PG-13,18-Dec-15,136 min,English,USA,Nominated for 5 Oscars. Another 51 wins & 115 nominations.,https://images-na.ssl-images-amazon.com/images/M/MV5BOTAzODEzNDAzMl5BMl5BanBnXkFtZTgwMDU1MTgzNzE@._V1_SX300.jpg,Internet Movie Database,8.1/10,81,8.1,665521,tt2488496,movie,21,5-Apr-16,"$936,658,640",Walt Disney Pictures,http://starwars.com/,TRUE
168,"Paris, Texas",1984,R,19-Sep-84,145 min,English,"UK, France, West Germany",Nominated for 1 Golden Globe. Another 16 wins & 9 nominations.,https://images-na.ssl-images-amazon.com/images/M/MV5BM2RjMmU3ZWItYzBlMy00ZmJkLWE5YzgtNTVkODdhOWM3NGZhXkEyXkFqcGdeQXVyNDA5Mjg5MjA@._V1_SX300.jpg,Internet Movie Database,8.1/10,N/A,8.1,55529,tt0087884,movie,9,14-Dec-04,N/A,20th Century Fox,N/A,TRUE
169,The Last Picture Show,1971,R,22-Oct-71,118 min,English,USA,Won 2 Oscars. Another 16 wins & 22 nominations.,https://images-na.ssl-images-amazon.com/images/M/MV5BNmVjNzZkZjQtYmM5ZC00M2I0LWJhNzktNDk3MGU1NWMxMjFjXkEyXkFqcGdeQXVyNjc1NTYyMjg@._V1_SX300.jpg,Internet Movie Database,8.1/10,N/A,8.1,33568,tt0067328,movie,4,30-Nov-99,N/A,Columbia Pictures,N/A,TRUE
170,Gandhi,1982,PG,25-Feb-83,191 min,English,"UK, India, USA",Won 8 Oscars. Another 27 wins & 20 nominations.,https://images-na.ssl-images-amazon.com/images/M/MV5BMzJiZDRmOWUtYjE2MS00Mjc1LTg1ZDYtNTQxYWJkZTg1OTM4XkEyXkFqcGdeQXVyNjUwNzk3NDc@._V1_SX300.jpg,Internet Movie Database,8.1/10,N/A,8.1,184127,tt0083987,movie,6,28-Aug-01,N/A,Columbia Pictures,N/A,TRUE
171,Barry Lyndon,1975,PG,18-Dec-75,184 min,"English, German, French","UK, USA, Ireland",Won 4 Oscars. Another 13 wins & 13 nominations.,https://images-na.ssl-images-amazon.com/images/M/MV5BNmY0MWY2NDctZDdmMi00MjA1LTk0ZTQtZDMyZTQ1NTNlYzVjXkEyXkFqcGdeQXVyMjUzOTY1NTc@._V1_SX300.jpg,Internet Movie Database,8.1/10,N/A,8.1,110576,tt0072684,movie,4,29-Jun-99,N/A,Warner Bros.,N/A,TRUE
172,Rocky,1976,PG,3-Dec-76,120 min,English,USA,Won 3 Oscars. Another 16 wins & 21 nominations.,https://images-na.ssl-images-amazon.com/images/M/MV5BMTY5MDMzODUyOF5BMl5BanBnXkFtZTcwMTQ3NTMyNA@@._V1_SX300.jpg,Internet Movie Database,8.1/10,69,8.1,407892,tt0075148,movie,11,7-Aug-06,N/A,United Artists,http://rockythemovie.com/,TRUE
173,Annie Hall,1977,PG,20-Apr-77,93 min,"English, German",USA,Won 4 Oscars. Another 26 wins & 8 nominations.,https://images-na.ssl-images-amazon.com/images/M/MV5BZDg1OGQ4YzgtM2Y2NS00NjA3LWFjYTctMDRlMDI3NWE1OTUyXkEyXkFqcGdeQXVyMjUzOTY1NTc@._V1_SX300.jpg,Internet Movie Database,8.1/10,N/A,8.1,208523,tt0075686,movie,3,28-Apr-98,N/A,United Artists,N/A,TRUE
174,Prisoners,2013,R,20-Sep-13,153 min,English,USA,Nominated for 1 Oscar. Another 10 wins & 35 nominations.,https://images-na.ssl-images-amazon.com/images/M/MV5BMTg0NTIzMjQ1NV5BMl5BanBnXkFtZTcwNDc3MzM5OQ@@._V1_SX300.jpg,Internet Movie Database,8.1/10,74,8.1,436571,tt1392214,movie,18,17-Dec-13,"$60,962,878",Warner Bros.,http://prisonersmovie.warnerbros.com/,TRUE
175,Donnie Darko,2001,R,26-Oct-01,113 min,English,USA,11 wins & 15 nominations.,https://images-na.ssl-images-amazon.com/images/M/MV5BZWQyN2ZkODktMTBkNS00OTBjLWJhOGYtNGU4YWVkNTY0ZDZkXkEyXkFqcGdeQXVyNjU0OTQ0OTY@._V1_SX300.jpg,Internet Movie Database,8.1/10,88,8.1,622498,tt0246578,movie,7,19-Mar-02,N/A,Newmarket Film Group,http://www.donniedarko.com,TRUE
176,Catch Me If You Can,2002,PG-13,25-Dec-02,141 min,"English, French","USA, Canada",Nominated for 2 Oscars. Another 13 wins & 41 nominations.,https://images-na.ssl-images-amazon.com/images/M/MV5BMTY5MzYzNjc5NV5BMl5BanBnXkFtZTYwNTUyNTc2._V1_SX300.jpg,Internet Movie Database,8.1/10,76,8.1,592039,tt0264464,movie,8,6-May-03,"$164,400,000",DreamWorks SKG,http://www.dreamworks.com/catchthem/jump2.html,TRUE
177,The Man Who Shot Liberty Valance,1962,APPROVED,22-Apr-62,123 min,English,USA,Nominated for 1 Oscar. Another 4 wins & 2 nominations.,https://images-na.ssl-images-amazon.com/images/M/MV5BMGEyNzhkYzktMGMyZS00YzRiLWJlYjktZjJkOTU5ZDY0ZGI4XkEyXkFqcGdeQXVyNjUwNzk3NDc@._V1_SX300.jpg,Internet Movie Database,8.1/10,N/A,8.1,56560,tt0056217,movie,6,5-Jun-01,N/A,Paramount Home Video,N/A,TRUE
178,Laura,1944,APPROVED,1-Nov-44,88 min,English,USA,Won 1 Oscar. Another 2 wins & 4 nominations.,https://images-na.ssl-images-amazon.com/images/M/MV5BYWQ0MmRiMjMtM2Y1MC00MTYwLWI4YzktOGI0MjdiNzJlZDc3L2ltYWdlL2ltYWdlXkEyXkFqcGdeQXVyNjc1NTYyMjg@._V1_SX300.jpg,Internet Movie Database,8.1/10,N/A,8.1,33877,tt0037008,movie,10,15-Mar-05,N/A,20th Century Fox,N/A,TRUE
179,"Monsters, Inc.",2001,G,2-Nov-01,92 min,English,USA,Won 1 Oscar. Another 13 wins & 39 nominations.,https://images-na.ssl-images-amazon.com/images/M/MV5BMTY1NTI0ODUyOF5BMl5BanBnXkFtZTgwNTEyNjQ0MDE@._V1_SX300.jpg,Internet Movie Database,8.1/10,78,8.1,639101,tt0198781,movie,18,19-Feb-13,"$34,034,168",Buena Vista Distribution Compa,http://disney.go.com/monstersinc/index.html,TRUE
180,The Bourne Ultimatum,2007,PG-13,3-Aug-07,115 min,"English, French, Arabic, Russian, Spanish","USA, Germany",Won 3 Oscars. Another 26 wins & 39 nominations.,https://images-na.ssl-images-amazon.com/images/M/MV5BNGNiNmU2YTMtZmU4OS00MjM0LTlmYWUtMjVlYjAzYjE2N2RjXkEyXkFqcGdeQXVyNDk3NzU2MTQ@._V1_SX300.jpg,Internet Movie Database,8.1/10,85,8.1,527907,tt0440963,movie,12,11-Dec-07,"$227,400,000",Universal Pictures,http://www.thebourneultimatum.com/,TRUE
181,Cat on a Hot Tin Roof,1958,APPROVED,20-Sep-58,108 min,English,USA,Nominated for 6 Oscars. Another 2 wins & 10 nominations.,https://images-na.ssl-images-amazon.com/images/M/MV5BMzFhNTMwNDMtZjY3Yy00NzY3LWI1ZWQtZTQxMWJmODVhZWFkXkEyXkFqcGdeQXVyNjQzNDI3NzY@._V1_SX300.jpg,Internet Movie Database,8.1/10,N/A,8.1,36009,tt0051459,movie,2,23-Sep-97,N/A,MGM Home Entertainment,N/A,TRUE
182,The Wizard of Oz,1939,G,25-Aug-39,102 min,English,USA,Won 2 Oscars. Another 7 wins & 14 nominations.,https://images-na.ssl-images-amazon.com/images/M/MV5BNjUyMTc4MDExMV5BMl5BanBnXkFtZTgwNDg0NDIwMjE@._V1_SX300.jpg,Internet Movie Database,8.1/10,100,8.1,311697,tt0032138,movie,4,19-Oct-99,"$3,840,702",Warner Bros. Pictures,http://thewizardofoz.warnerbros.com/,TRUE
183,Sleuth,1972,PG,12-Jul-73,138 min,"English, Italian","UK, USA",Nominated for 4 Oscars. Another 5 wins & 7 nominations.,https://images-na.ssl-images-amazon.com/images/M/MV5BM2EzZmFmMmItODY3Zi00NjdjLWE0MTYtZWQ3MGIyM2M4YjZhXkEyXkFqcGdeQXVyMzg2MzE2OTE@._V1_SX300.jpg,Internet Movie Database,8.1/10,N/A,8.1,38576,tt0069281,movie,3,27-Jan-98,N/A,20th Century Fox Film Corporation,N/A,TRUE
184,Roman Holiday,1953,PASSED,2-Sep-53,118 min,"English, Italian, German",USA,Won 3 Oscars. Another 7 wins & 15 nominations.,https://images-na.ssl-images-amazon.com/images/M/MV5BMTE2MDM4MTMtZmNkZC00Y2QyLWE0YjUtMTAxZGJmODMxMDM0XkEyXkFqcGdeQXVyNjc1NTYyMjg@._V1_SX300.jpg,Internet Movie Database,8.1/10,76,8.1,107872,tt0046250,movie,7,26-Nov-02,N/A,Paramount Pictures,N/A,TRUE
185,Out of the Past,1947,NOT RATED,1-Dec-47,97 min,"English, American Sign Language",USA,1 win.,https://images-na.ssl-images-amazon.com/images/M/MV5BMDE0MjYxYmMtM2VhMC00MjhiLTg5NjItMDkzZGM5MGVlYjMxL2ltYWdlL2ltYWdlXkEyXkFqcGdeQXVyNjc1NTYyMjg@._V1_SX300.jpg,Internet Movie Database,8.1/10,N/A,8.1,24842,tt0039689,movie,9,6-Jul-04,N/A,WARNER BROTHERS PICTURES,N/A,TRUE
186,Anatomy of a Murder,1959,UNRATED,1-Sep-59,160 min,English,USA,Nominated for 7 Oscars. Another 9 wins & 11 nominations.,https://images-na.ssl-images-amazon.com/images/M/MV5BMjA0ODU0OTQ5N15BMl5BanBnXkFtZTgwMzYzMzIxMDE@._V1_SX300.jpg,Internet Movie Database,8.1/10,N/A,8.1,48842,tt0052561,movie,5,11-Jul-00,N/A,Sony Pictures Home Entertainment,N/A,TRUE
187,Who's Afraid of Virginia Woolf?,1966,TV-MA,22-Jun-66,131 min,"English, Latin, Spanish",USA,Won 5 Oscars. Another 17 wins & 23 nominations.,https://images-na.ssl-images-amazon.com/images/M/MV5BMjQ5ODI1MjQtMDc0Zi00OGQ1LWE2NTYtMTg1YTkxM2E5NzFkXkEyXkFqcGdeQXVyNTA4NzY1MzY@._V1_SX300.jpg,Internet Movie Database,8.1/10,N/A,8.1,58960,tt0061184,movie,4,18-May-99,N/A,Warner Home Video,N/A,TRUE
188,The Terminator,1984,R,26-Oct-84,107 min,"English, Spanish","UK, USA",6 wins & 6 nominations.,https://images-na.ssl-images-amazon.com/images/M/MV5BODE1MDczNTUxOV5BMl5BanBnXkFtZTcwMTA0NDQyNA@@._V1_SX300.jpg,Internet Movie Database,8.0/10,83,8,646546,tt0088247,movie,2,3-Sep-97,N/A,Orion Pictures Corporation,http://www.terminator1.com/,TRUE
189,Groundhog Day,1993,PG,12-Feb-93,101 min,"English, French, Italian",USA,Won 1 BAFTA Film Award. Another 5 wins & 10 nominations.,https://images-na.ssl-images-amazon.com/images/M/MV5BZWIxNzM5YzQtY2FmMS00Yjc3LWI1ZjUtNGVjMjMzZTIxZTIxXkEyXkFqcGdeQXVyNjU0OTQ0OTY@._V1_SX300.jpg,Internet Movie Database,8.0/10,72,8,474776,tt0107048,movie,7,29-Jan-02,N/A,Columbia Pictures,N/A,TRUE
190,The Help,2011,PG-13,10-Aug-11,146 min,English,"USA, India, United Arab Emirates",Won 1 Oscar. Another 79 wins & 116 nominations.,https://images-na.ssl-images-amazon.com/images/M/MV5BMTM5OTMyMjIxOV5BMl5BanBnXkFtZTcwNzU4MjIwNQ@@._V1_SX300.jpg,Internet Movie Database,8.1/10,62,8.1,344326,tt1454029,movie,16,6-Dec-11,"$169,705,587",DreamWorks Studios,http://www.thehelpmovie.com,TRUE
191,Strangers on a Train,1951,PG,30-Jun-51,101 min,"English, French",USA,Nominated for 1 Oscar. Another 2 wins & 1 nomination.,https://images-na.ssl-images-amazon.com/images/M/MV5BNzc5N2ZjNWMtNWVkZi00MzYyLTkxNjYtMzc0NjE0MDFjNGQ0XkEyXkFqcGdeQXVyNjc1NTYyMjg@._V1_SX300.jpg,Internet Movie Database,8.0/10,N/A,8,103963,tt0044079,movie,2,27-Aug-97,N/A,Warner Home Video,N/A,TRUE
192,The Night of the Hunter,1955,APPROVED,24-Nov-55,92 min,English,USA,2 wins.,https://images-na.ssl-images-amazon.com/images/M/MV5BYTNjN2M2MzYtZGEwMi00Mzc5LWEwYTMtODM1ZmRiZjFiNTU0L2ltYWdlL2ltYWdlXkEyXkFqcGdeQXVyNjc1NTYyMjg@._V1_SX300.jpg,Internet Movie Database,8.0/10,99,8,68366,tt0048424,movie,6,15-May-01,N/A,United Artists,http://www.mgm.com/title_title.php?title_star=NIGHTHUN,TRUE
193,All Quiet on the Western Front,1930,UNRATED,24-Aug-30,136 min,"English, French, German, Latin",USA,Won 2 Oscars. Another 5 wins & 2 nominations.,https://images-na.ssl-images-amazon.com/images/M/MV5BNTM5OTg2NDY1NF5BMl5BanBnXkFtZTcwNTQ4MTMwNw@@._V1_SX300.jpg,Internet Movie Database,8.1/10,N/A,8.1,49038,tt0020629,movie,4,5-Jan-99,N/A,Universal Pictures,N/A,TRUE
194,Beauty and the Beast,1991,G,22-Nov-91,84 min,"English, French",USA,Won 2 Oscars. Another 24 wins & 22 nominations.,https://images-na.ssl-images-amazon.com/images/M/MV5BMzE5MDM1NDktY2I0OC00YWI5LTk2NzUtYjczNDczOWQxYjM0XkEyXkFqcGdeQXVyMTQxNzMzNDI@._V1_SX300.jpg,Internet Movie Database,8.0/10,95,8,336430,tt0101414,movie,7,8-Oct-02,"$47,611,331",Buena Vista,http://www.disney.com/beautyandthebeast,TRUE
195,Lion,2016,PG-13,6-Jan-17,118 min,"English, Hindi, Bengali","UK, Australia, USA",Nominated for 6 Oscars. Another 32 wins & 70 nominations.,https://images-na.ssl-images-amazon.com/images/M/MV5BMjA3NjkzNjg2MF5BMl5BanBnXkFtZTgwMDkyMzgzMDI@._V1_SX300.jpg,Internet Movie Database,8.1/10,69,8.1,113296,tt3741834,movie,22,11-Apr-17,"$51,694,854",See-Saw Films,http://lionmovie.com/,TRUE
196,Twelve Monkeys,1995,R,5-Jan-96,129 min,"English, French",USA,Nominated for 2 Oscars. Another 9 wins & 18 nominations.,https://images-na.ssl-images-amazon.com/images/M/MV5BN2Y2OWU4MWMtNmIyMy00YzMyLWI0Y2ItMTcyZDc3MTdmZDU4XkEyXkFqcGdeQXVyMTQxNzMzNDI@._V1_SX300.jpg,Internet Movie Database,8.0/10,74,8,492644,tt0114746,movie,3,31-Mar-98,N/A,Universal Pictures,N/A,TRUE
197,Guardians of the Galaxy,2014,PG-13,1-Aug-14,121 min,English,"USA, UK",Nominated for 2 Oscars. Another 50 wins & 96 nominations.,https://images-na.ssl-images-amazon.com/images/M/MV5BMTAwMjU5OTgxNjZeQTJeQWpwZ15BbWU4MDUxNDYxODEx._V1_SX300.jpg,Internet Movie Database,8.1/10,76,8.1,768444,tt2015381,movie,19,9-Dec-14,"$270,592,504",Walt Disney Pictures,http://marvel.com/guardians,TRUE
198,Dog Day Afternoon,1975,R,25-Dec-75,125 min,English,USA,Won 1 Oscar. Another 13 wins & 19 nominations.,https://images-na.ssl-images-amazon.com/images/M/MV5BNmZiYzQ2ZmYtZTViNy00ODRkLWJkN2EtNjgwYWY1OGNmNDcxXkEyXkFqcGdeQXVyNjUwNzk3NDc@._V1_SX300.jpg,Internet Movie Database,8.0/10,N/A,8,194970,tt0072890,movie,2,16-Dec-97,N/A,WARNER BROTHERS PICTURES,N/A,TRUE
199,Jaws,1975,PG,20-Jun-75,124 min,English,USA,Won 3 Oscars. Another 10 wins & 17 nominations.,https://images-na.ssl-images-amazon.com/images/M/MV5BMmVmODY1MzEtYTMwZC00MzNhLWFkNDMtZjAwM2EwODUxZTA5XkEyXkFqcGdeQXVyNTAyODkwOQ@@._V1_SX300.jpg,Internet Movie Database,8.0/10,86,8,445407,tt0073195,movie,5,11-Jul-00,N/A,Universal Pictures,http://www.jaws25.com/,TRUE
200,Zootopia,2016,PG,4-Mar-16,108 min,English,USA,Won 1 Oscar. Another 36 wins & 58 nominations.,https://images-na.ssl-images-amazon.com/images/M/MV5BOTMyMjEyNzIzMV5BMl5BanBnXkFtZTgwNzIyNjU0NzE@._V1_SX300.jpg,Internet Movie Database,8.1/10,78,8.1,304299,tt2948356,movie,21,7-Jun-16,"$341,264,012",Walt Disney Animation Studios,http://movies.disney.com/zootopia,TRUE
201,Pirates of the Caribbean: The Curse of the Black Pearl,2003,PG-13,9-Jul-03,143 min,English,USA,Nominated for 5 Oscars. Another 36 wins & 96 nominations.,https://images-na.ssl-images-amazon.com/images/M/MV5BNGYyZGM5MGMtYTY2Ni00M2Y1LWIzNjQtYWUzM2VlNGVhMDNhXkEyXkFqcGdeQXVyMTMxODk2OTU@._V1_SX300.jpg,Internet Movie Database,8.0/10,63,8,869710,tt0325980,movie,8,2-Dec-03,"$305,343,252",Buena Vista Pictures,http://disney.go.com/disneyvideos/liveaction/pirates/main_site/main.html,TRUE
202,Before Sunset,2004,R,30-Jul-04,80 min,"English, French",USA,Nominated for 1 Oscar. Another 9 wins & 29 nominations.,https://images-na.ssl-images-amazon.com/images/M/MV5BMTQ1MjAwNTM5Ml5BMl5BanBnXkFtZTYwNDM0MTc3._V1_SX300.jpg,Internet Movie Database,8.0/10,90,8,179650,tt0381681,movie,9,9-Nov-04,"$5,600,000",Warner Independent Pictures,http://wip.warnerbros.com/index.html?site=beforesunset,TRUE
203,The Imitation Game,2014,PG-13,25-Dec-14,114 min,"English, German","UK, USA",Won 1 Oscar. Another 44 wins & 150 nominations.,https://images-na.ssl-images-amazon.com/images/M/MV5BOTgwMzFiMWYtZDhlNS00ODNkLWJiODAtZDVhNzgyNzJhYjQ4L2ltYWdlXkEyXkFqcGdeQXVyNzEzOTYxNTQ@._V1_SX300.jpg,Internet Movie Database,8.1/10,73,8.1,535118,tt2084970,movie,20,31-Mar-15,N/A,The Weinstein Company,http://theimitationgamemovie.com/,TRUE
204,Young Frankenstein,1974,PG,15-Dec-74,106 min,"English, German",USA,Nominated for 2 Oscars. Another 11 wins & 5 nominations.,https://images-na.ssl-images-amazon.com/images/M/MV5BMTEwNjg2MjM2ODFeQTJeQWpwZ15BbWU4MDQ1MDU5OTEx._V1_SX300.jpg,Internet Movie Database,8.0/10,80,8,121147,tt0072431,movie,3,3-Nov-98,N/A,20th Century Fox,N/A,TRUE
205,Stalag 17,1953,NOT RATED,10-Aug-53,120 min,"English, German, Russian",USA,Won 1 Oscar. Another 1 win & 5 nominations.,https://images-na.ssl-images-amazon.com/images/M/MV5BNDMyNGU0NjUtNTIxMC00ZmU2LWE0ZGItZTdkNGVlODI2ZDcyL2ltYWdlXkEyXkFqcGdeQXVyNjc1NTYyMjg@._V1_SX300.jpg,Internet Movie Database,8.0/10,N/A,8,44802,tt0046359,movie,4,14-Dec-99,N/A,Paramount Home Video,N/A,TRUE
206,Dogville,2003,R,23-Apr-04,178 min,English,"Netherlands, Denmark, UK, France, Finland, Sweden, Germany, Italy, Norway",20 wins & 30 nominations.,https://images-na.ssl-images-amazon.com/images/M/MV5BMTkwNTg2MTI1NF5BMl5BanBnXkFtZTcwMDM1MzUyMQ@@._V1_SX300.jpg,Internet Movie Database,8.0/10,60,8,113851,tt0276919,movie,9,24-Aug-04,"$1,498,177",Lions Gate Films,http://www.dogville.dk/,TRUE
207,Dead Poets Society,1989,PG,9-Jun-89,128 min,"English, Latin",USA,Won 1 Oscar. Another 18 wins & 19 nominations.,https://images-na.ssl-images-amazon.com/images/M/MV5BOGYwYWNjMzgtNGU4ZC00NWQ2LWEwZjUtMzE1Zjc3NjY3YTU1XkEyXkFqcGdeQXVyMTQxNzMzNDI@._V1_SX300.jpg,Internet Movie Database,8.0/10,79,8,295852,tt0097165,movie,3,10-Nov-98,N/A,Buena Vista Pictures,N/A,TRUE
208,High Noon,1952,PG,30-Jul-52,85 min,"English, Spanish",USA,Won 4 Oscars. Another 13 wins & 10 nominations.,https://images-na.ssl-images-amazon.com/images/M/MV5BOWIzZGUxZmItOThkMS00Y2QxLTg0MTYtMDdhMjRlNTNlYTI3L2ltYWdlXkEyXkFqcGdeQXVyNjc1NTYyMjg@._V1_SX300.jpg,Internet Movie Database,8.0/10,89,8,83393,tt0044706,movie,6,23-Oct-01,N/A,United Artists,N/A,TRUE
209,Papillon,1973,R,6-Feb-74,151 min,"English, Spanish","France, USA",Nominated for 1 Oscar. Another 2 wins & 1 nomination.,https://images-na.ssl-images-amazon.com/images/M/MV5BZGRjZjQ0NzAtYmZlNS00Zjc1LTk1YWItMDY5YzQxMzA4MTAzXkEyXkFqcGdeQXVyMjI4MjA5MzA@._V1_SX300.jpg,Internet Movie Database,8.0/10,N/A,8,101553,tt0070511,movie,4,14-Dec-99,N/A,Twentieth Century Fox Home Entertainment,N/A,TRUE
210,A Streetcar Named Desire,1951,PG,1-Dec-51,122 min,"English, Spanish",USA,Won 4 Oscars. Another 13 wins & 15 nominations.,https://images-na.ssl-images-amazon.com/images/M/MV5BNzk2M2Y3MzYtNGMzMi00Y2FjLTkwODQtNmExYWU3ZWY3NzExXkEyXkFqcGdeQXVyNTA4NzY1MzY@._V1_SX300.jpg,Internet Movie Database,8.0/10,N/A,8,82622,tt0044081,movie,4,18-May-99,N/A,Warner Bros. Pictures,N/A,TRUE
211,Arsenic and Old Lace,1944,NOT RATED,23-Sep-44,118 min,"English, German",USA,1 nomination.,https://images-na.ssl-images-amazon.com/images/M/MV5BZDVlNTBjMjctNjAzNS00ZGJhLTg2NzMtNzIwYTIzYTBiMDkyXkEyXkFqcGdeQXVyNTA4NzY1MzY@._V1_SX300.jpg,Internet Movie Database,8.0/10,N/A,8,56783,tt0036613,movie,5,29-Aug-00,N/A,Warner Bros. Pictures,N/A,TRUE
212,Sin City,2005,R,1-Apr-05,124 min,English,USA,33 wins & 51 nominations.,https://images-na.ssl-images-amazon.com/images/M/MV5BODZmYjMwNzEtNzVhNC00ZTRmLTk2M2UtNzE1MTQ2ZDAxNjc2XkEyXkFqcGdeQXVyMTQxNzMzNDI@._V1_SX300.jpg,Internet Movie Database,8.0/10,74,8,685825,tt0401792,movie,10,16-Aug-05,N/A,Dimension Films,http://www.sincitythemovie.com/,TRUE
213,The Hustler,1961,UNRATED,27-Oct-61,134 min,English,USA,Won 2 Oscars. Another 11 wins & 20 nominations.,https://images-na.ssl-images-amazon.com/images/M/MV5BNjhjODI2NTItMGE1ZS00NThiLWE1MmYtOWE3YzcyNzY1MTJlXkEyXkFqcGdeQXVyNTc1NTQxODI@._V1_SX300.jpg,Internet Movie Database,8.0/10,N/A,8,65649,tt0054997,movie,7,4-Jun-02,N/A,Fox,N/A,TRUE
214,A Night at the Opera,1935,PASSED,15-Nov-35,96 min,"English, Italian",USA,1 win.,https://images-na.ssl-images-amazon.com/images/M/MV5BMTYyNjgwMDg4NF5BMl5BanBnXkFtZTgwNTQ5MTM4MTE@._V1_SX300.jpg,Internet Movie Database,8.1/10,N/A,8.1,26025,tt0026778,movie,9,4-May-04,N/A,MGM,N/A,TRUE
215,The Killing,1956,APPROVED,6-Jun-56,85 min,English,USA,N/A,https://images-na.ssl-images-amazon.com/images/M/MV5BMDE5ZjAwY2YtOWM5Yi00ZWNlLWE5ODQtYjA4NzA1NGFkZDU5XkEyXkFqcGdeQXVyNjc1NTYyMjg@._V1_SX300.jpg,Internet Movie Database,8.0/10,N/A,8,65940,tt0049406,movie,6,15-Aug-01,N/A,United Artists,http://www.amctv.com/shows/the-killing,TRUE
216,The Avengers,2012,PG-13,4-May-12,143 min,"English, Russian, Hindi",USA,Nominated for 1 Oscar. Another 37 wins & 79 nominations.,https://images-na.ssl-images-amazon.com/images/M/MV5BMTk2NTI1MTU4N15BMl5BanBnXkFtZTcwODg0OTY0Nw@@._V1_SX300.jpg,Internet Movie Database,8.1/10,69,8.1,1051143,tt0848228,movie,17,25-Sep-12,"$623,279,547",Walt Disney Pictures,http://marvel.com/avengers_movie,TRUE
217,Notorious,1946,APPROVED,6-Sep-46,101 min,"English, French, Portuguese",USA,Nominated for 2 Oscars. Another 3 wins & 1 nomination.,https://images-na.ssl-images-amazon.com/images/M/MV5BYTc1NGViOTMtNjZhNS00OGY2LWI4MmItOWQwNTY4MDMzNWI3L2ltYWdlXkEyXkFqcGdeQXVyNjc1NTYyMjg@._V1_SX300.jpg,Internet Movie Database,8.0/10,N/A,8,77339,tt0038787,movie,6,13-Mar-01,N/A,RKO Radio Pictures,N/A,TRUE
218,Harvey,1950,NOT RATED,21-Dec-50,104 min,"English, Spanish, Latin",USA,Won 1 Oscar. Another 1 win & 4 nominations.,https://images-na.ssl-images-amazon.com/images/M/MV5BMzg2YTFkNjgtM2ZkNS00MWVkLWIwMTEtZTgzMDM2MmUxNDE2XkEyXkFqcGdeQXVyMjI4MjA5MzA@._V1_SX300.jpg,Internet Movie Database,8.0/10,N/A,8,46446,tt0042546,movie,6,6-Feb-01,N/A,MCA Universal Home Video,N/A,TRUE
219,The Martian,2015,PG-13,2-Oct-15,144 min,"English, Mandarin","USA, UK",Nominated for 7 Oscars. Another 34 wins & 180 nominations.,https://images-na.ssl-images-amazon.com/images/M/MV5BMTc2MTQ3MDA1Nl5BMl5BanBnXkFtZTgwODA3OTI4NjE@._V1_SX300.jpg,Internet Movie Database,8.0/10,80,8,560864,tt3659388,movie,21,12-Jan-16,"$202,313,768",20th Century Fox,http://TheMartianMovie.com,TRUE
220,The Exorcist,1973,R,26-Dec-73,122 min,"English, Latin, Greek, French, German, Arabic, Kurdish",USA,Won 2 Oscars. Another 14 wins & 15 nominations.,https://images-na.ssl-images-amazon.com/images/M/MV5BYzczOGRlMzQtNDAzMS00MjdlLTk5Y2QtNTM3MDE3NjRkYzQwXkEyXkFqcGdeQXVyMTQxNzMzNDI@._V1_SX300.jpg,Internet Movie Database,8.0/10,82,8,299364,tt0070047,movie,3,1-Dec-98,N/A,Warner Bros. Pictures,http://theexorcist.warnerbros.com/,TRUE
221,Rio Bravo,1959,NOT RATED,4-Apr-59,141 min,"English, Spanish",USA,Won 1 Golden Globe. Another 1 win & 4 nominations.,https://images-na.ssl-images-amazon.com/images/M/MV5BZDVhMTk1NjUtYjc0OS00OTE1LTk1NTYtYWMzMDI5OTlmYzU2XkEyXkFqcGdeQXVyNjc1NTYyMjg@._V1_SX300.jpg,Internet Movie Database,8.0/10,N/A,8,45629,tt0053221,movie,6,8-May-01,N/A,Xenon,N/A,TRUE
222,The Philadelphia Story,1940,NOT RATED,17-Jan-41,112 min,"English, French",USA,Won 2 Oscars. Another 3 wins & 5 nominations.,https://images-na.ssl-images-amazon.com/images/M/MV5BMjA2NzYzMjE3MF5BMl5BanBnXkFtZTgwNDExMDY0MzE@._V1_SX300.jpg,Internet Movie Database,8.0/10,N/A,8,52602,tt0032904,movie,2,10-Sep-97,N/A,MGM,N/A,TRUE
223,The Big Sleep,1946,APPROVED,31-Aug-46,114 min,English,USA,2 wins.,https://images-na.ssl-images-amazon.com/images/M/MV5BNDM2OTM0MjUtOTQ4Yy00MmY3LThhM2UtOWFlYjkxNTgwZDcyXkEyXkFqcGdeQXVyNjc1NTYyMjg@._V1_SX300.jpg,Internet Movie Database,8.0/10,N/A,8,67315,tt0038355,movie,5,15-Feb-00,N/A,Warner Bros. Pictures,N/A,TRUE
224,Pink Floyd: The Wall,1982,R,17-Sep-82,95 min,English,UK,Won 2 BAFTA Film Awards. Another 1 win & 1 nomination.,https://images-na.ssl-images-amazon.com/images/M/MV5BZDhlZTYxOTYtYTk3Ny00ZDljLTk3ZmItZTcxZWU5YTIyYmFkXkEyXkFqcGdeQXVyMTQxNzMzNDI@._V1_SX300.jpg,Internet Movie Database,8.0/10,N/A,8,63190,tt0084503,movie,4,2-Dec-99,N/A,United Artists,N/A,TRUE
225,The King's Speech,2010,R,25-Dec-10,118 min,English,"UK, USA, Australia",Won 4 Oscars. Another 103 wins & 194 nominations.,https://images-na.ssl-images-amazon.com/images/M/MV5BMzU5MjEwMTg2Nl5BMl5BanBnXkFtZTcwNzM3MTYxNA@@._V1_SX300.jpg,Internet Movie Database,8.0/10,88,8,537662,tt1504320,movie,16,19-Apr-11,"$138,300,000",The Weinstein Company,http://www.kingsspeech.com/,TRUE
226,A Christmas Story,1983,PG,18-Nov-83,94 min,English,"USA, Canada",3 wins & 11 nominations.,https://images-na.ssl-images-amazon.com/images/M/MV5BOWMyNjE0MzEtMzVjNy00NjIxLTg0ZjMtMWJhNGI1YmVjYTczL2ltYWdlXkEyXkFqcGdeQXVyNzc5MjA3OA@@._V1_SX300.jpg,Internet Movie Database,8.0/10,77,8,110893,tt0085334,movie,4,28-Sep-99,N/A,MGM,http://www2.warnerbros.com/achristmasstory/,TRUE
227,The Graduate,1967,APPROVED,22-Dec-67,106 min,English,USA,Won 1 Oscar. Another 20 wins & 16 nominations.,https://images-na.ssl-images-amazon.com/images/M/MV5BMTQ0ODc4MDk4Nl5BMl5BanBnXkFtZTcwMTEzNzgzNA@@._V1_SX300.jpg,Internet Movie Database,8.0/10,77,8,220459,tt0061722,movie,6,19-Jun-01,N/A,Embassy Pictures/Rialto Pictures,http://www.rialtopictures.com/thegraduate.html,TRUE
228,JFK,1991,R,20-Dec-91,189 min,"English, Spanish","France, USA",Won 2 Oscars. Another 17 wins & 25 nominations.,https://images-na.ssl-images-amazon.com/images/M/MV5BYjYyODExMDctZjgwYy00ZjQwLWI4OWYtOGFlYjA4ZjEzNmY1XkEyXkFqcGdeQXVyNTAyODkwOQ@@._V1_SX300.jpg,Internet Movie Database,8.0/10,72,8,120061,tt0102138,movie,2,27-Aug-97,N/A,Warner Bros.,N/A,TRUE
229,Sling Blade,1996,R,14-Mar-97,135 min,English,USA,Won 1 Oscar. Another 13 wins & 15 nominations.,https://images-na.ssl-images-amazon.com/images/M/MV5BNGY5NWIxMjAtODBjNC00MmZhLTk1ZTAtNGRhYThlOTNjMTQwXkEyXkFqcGdeQXVyNTc1NTQxODI@._V1_SX300.jpg,Internet Movie Database,8.0/10,84,8,75931,tt0117666,movie,3,1-Jan-98,N/A,Miramax Films,N/A,TRUE
230,Blood Diamond,2006,R,8-Dec-06,143 min,"English, Mende, Afrikaans","Germany, USA",Nominated for 5 Oscars. Another 8 wins & 26 nominations.,https://images-na.ssl-images-amazon.com/images/M/MV5BMTY5MTYyNjkwNV5BMl5BanBnXkFtZTcwODE3MTI0MQ@@._V1_SX300.jpg,Internet Movie Database,8.0/10,64,8,424781,tt0450259,movie,12,20-Mar-07,"$57,300,000",Warner Bros. Pictures,http://www.blooddiamondmovie.com/,TRUE
231,Magnolia,1999,R,7-Jan-00,188 min,"English, German, French",USA,Nominated for 3 Oscars. Another 28 wins & 51 nominations.,https://images-na.ssl-images-amazon.com/images/M/MV5BZmFhMzE1NDUtNGFmOC00M2E2LWI3ODItNzJjZmRlMTY0NDc0XkEyXkFqcGdeQXVyMTQxNzMzNDI@._V1_SX300.jpg,Internet Movie Database,8.0/10,77,8,251286,tt0175880,movie,5,25-Jul-00,N/A,New Line Cinema,http://www.magnoliamovie.com,TRUE
232,Rain Man,1988,R,16-Dec-88,133 min,"English, Italian",USA,Won 4 Oscars. Another 22 wins & 22 nominations.,https://images-na.ssl-images-amazon.com/images/M/MV5BMzVjNzI4NzYtMjE4NS00M2IzLWFkOWMtOTYwMWUzN2ZlNGVjL2ltYWdlL2ltYWdlXkEyXkFqcGdeQXVyMTQxNzMzNDI@._V1_SX300.jpg,Internet Movie Database,8.0/10,65,8,403104,tt0095953,movie,5,1-Jan-00,N/A,MGM,N/A,TRUE
233,The Revenant,2015,R,8-Jan-16,156 min,"English, Pawnee, French","Hong Kong, Taiwan, USA",Won 3 Oscars. Another 82 wins & 177 nominations.,https://images-na.ssl-images-amazon.com/images/M/MV5BY2FmODc2N2QtYmY3MS00YTMwLWI2NGYtZWRmYWVkNjFjZmI0XkEyXkFqcGdeQXVyNTMxMjgxMzA@._V1_SX300.jpg,Internet Movie Database,8.0/10,76,8,504647,tt1663202,movie,21,19-Apr-16,N/A,20th Century Fox,http://www.foxmovies.com/movies/the-revenant,TRUE
234,The Nightmare Before Christmas,1993,PG,29-Oct-93,76 min,English,USA,Nominated for 1 Oscar. Another 7 wins & 7 nominations.,https://images-na.ssl-images-amazon.com/images/M/MV5BNWE4OTNiM2ItMjY4Ni00ZTViLWFiZmEtZGEyNGY2ZmNlMzIyXkEyXkFqcGdeQXVyMDU5NDcxNw@@._V1_SX300.jpg,Internet Movie Database,8.0/10,N/A,8,238561,tt0107688,movie,2,2-Dec-97,"$8,616,662",Touchstone Pictures,http://www.Nightmare3DMovie.com/,TRUE
235,The Manchurian Candidate,1962,PG-13,24-Oct-62,126 min,English,USA,Nominated for 2 Oscars. Another 5 wins & 6 nominations.,https://images-na.ssl-images-amazon.com/images/M/MV5BOTY0ZTA1ZjUtN2MyNi00ZGRmLWExYmMtOTkyNzI1NGQ2Y2RlXkEyXkFqcGdeQXVyNjc1NTYyMjg@._V1_SX300.jpg,Internet Movie Database,8.0/10,94,8,63422,tt0056218,movie,6,15-May-01,N/A,MGM/UA Classics,http://www.mgm.com/title_title.php?title_star=MANCHURI,TRUE
236,Deadpool,2016,R,12-Feb-16,108 min,English,USA,Nominated for 2 Golden Globes. Another 23 wins & 63 nominations.,https://images-na.ssl-images-amazon.com/images/M/MV5BMjQyODg5Njc4N15BMl5BanBnXkFtZTgwMzExMjE3NzE@._V1_SX300.jpg,Internet Movie Database,8.0/10,65,8,644281,tt1431045,movie,21,10-May-16,"$328,674,489",20th Century Fox,http://www.foxmovies.com/deadpool,TRUE
237,The Wild Bunch,1969,R,7-Aug-69,135 min,"English, Spanish, German",USA,Nominated for 2 Oscars. Another 5 wins & 4 nominations.,https://images-na.ssl-images-amazon.com/images/M/MV5BNGUyYTZmOWItMDJhMi00N2IxLWIyNDMtNjUxM2ZiYmU5YWU1XkEyXkFqcGdeQXVyNjc1NTYyMjg@._V1_SX300.jpg,Internet Movie Database,8.0/10,N/A,8,65987,tt0065214,movie,2,27-Aug-97,N/A,Warner Bros. Pictures,N/A,TRUE
238,Aladdin,1992,G,25-Nov-92,90 min,English,USA,Won 2 Oscars. Another 25 wins & 18 nominations.,https://images-na.ssl-images-amazon.com/images/M/MV5BNTI4ODQ1MzAzNV5BMl5BanBnXkFtZTgwMzU4NzMxMDE@._V1_SX300.jpg,Internet Movie Database,8.0/10,N/A,8,281651,tt0103639,movie,9,5-Oct-04,N/A,Buena Vista Distribution Compa,http://disney.go.com/vault/archives/characters/aladdin/aladdin.html,TRUE
239,Big Fish,2003,PG-13,9-Jan-04,125 min,"English, Cantonese",USA,Nominated for 1 Oscar. Another 1 win & 68 nominations.,https://images-na.ssl-images-amazon.com/images/M/MV5BMTYyMzM3MzgyNV5BMl5BanBnXkFtZTcwMTI4MzUyMQ@@._V1_SX300.jpg,Internet Movie Database,8.0/10,58,8,364938,tt0319061,movie,9,27-Apr-04,"$66,257,002",Sony Pictures,http://www.sonypictures.com/movies/bigfish/index.html,TRUE
240,Patton,1970,GP,2-Apr-70,172 min,"English, German, French, Russian, Arabic, Italian",USA,Won 7 Oscars. Another 17 wins & 8 nominations.,https://images-na.ssl-images-amazon.com/images/M/MV5BMmNhZmJhMmYtNjlkMC00MjhjLTk1NzMtMTNlMzYzNjZlMjNiXkEyXkFqcGdeQXVyMTQxNzMzNDI@._V1_SX300.jpg,Internet Movie Database,8.0/10,91,8,80730,tt0066206,movie,4,2-Nov-99,N/A,Twentieth Century Fox Home Entertainment,N/A,TRUE
241,The Lost Weekend,1945,NOT RATED,1-Jan-46,101 min,English,USA,Won 4 Oscars. Another 12 wins & 3 nominations.,https://images-na.ssl-images-amazon.com/images/M/MV5BMTk4NDQ0NjgyNF5BMl5BanBnXkFtZTgwMTE3NTkxMTE@._V1_SX300.jpg,Internet Movie Database,8.0/10,N/A,8,26834,tt0037884,movie,6,6-Feb-01,N/A,Paramount Pictures,N/A,TRUE
242,Short Term 12,2013,R,23-Aug-13,96 min,English,USA,35 wins & 70 nominations.,https://images-na.ssl-images-amazon.com/images/M/MV5BMTEwNjE2OTM4NDZeQTJeQWpwZ15BbWU3MDE2MTE4OTk@._V1_SX300.jpg,Internet Movie Database,8.0/10,82,8,62348,tt2370248,movie,19,14-Jan-14,N/A,Cinedigm,http://shortterm12.com,TRUE
243,His Girl Friday,1940,APPROVED,18-Jan-40,92 min,"English, French",USA,2 wins.,https://images-na.ssl-images-amazon.com/images/M/MV5BOTU4ODdjNDYtZjk0Zi00ZDBmLTllODEtMzQ5NmYzZGEzNjVlXkEyXkFqcGdeQXVyNjc1NTYyMjg@._V1_SX300.jpg,Internet Movie Database,8.0/10,N/A,8,43551,tt0032599,movie,9,28-Dec-04,N/A,Columbia Pictures,N/A,TRUE
244,The Straight Story,1999,G,3-Nov-99,112 min,English,"France, UK, USA",Nominated for 1 Oscar. Another 14 wins & 37 nominations.,https://images-na.ssl-images-amazon.com/images/M/MV5BNmE1MDk4OWEtYjk1NS00MWU2LTk5ZWItYjZhYmRkODRjMDc0XkEyXkFqcGdeQXVyNjE5MjUyOTM@._V1_SX300.jpg,Internet Movie Database,8.0/10,86,8,67045,tt0166896,movie,5,7-Nov-00,N/A,Buena Vista Pictures,http://disney.go.com/DisneyPictures/straightstory/index.html,TRUE
245,Slumdog Millionaire,2008,R,25-Dec-08,120 min,"English, Hindi, French","UK, France, USA",Won 8 Oscars. Another 144 wins & 126 nominations.,https://images-na.ssl-images-amazon.com/images/M/MV5BMTU2NTA5NzI0N15BMl5BanBnXkFtZTcwMjUxMjYxMg@@._V1_SX300.jpg,Internet Movie Database,8.0/10,86,8,679975,tt1010048,movie,14,31-Mar-09,"$141,243,551",Fox Searchlight Pictures,http://www.foxsearchlight.com/slumdogmillionaire/,TRUE
